
/*!40101 SET @OLD_CHARACTER_SET_CLIENT=@@CHARACTER_SET_CLIENT */;
/*!40101 SET @OLD_CHARACTER_SET_RESULTS=@@CHARACTER_SET_RESULTS */;
/*!40101 SET @OLD_COLLATION_CONNECTION=@@COLLATION_CONNECTION */;
/*!50503 SET NAMES utf8mb4 */;
/*!40103 SET @OLD_TIME_ZONE=@@TIME_ZONE */;
/*!40103 SET TIME_ZONE='+00:00' */;
/*!40014 SET @OLD_UNIQUE_CHECKS=@@UNIQUE_CHECKS, UNIQUE_CHECKS=0 */;
/*!40014 SET @OLD_FOREIGN_KEY_CHECKS=@@FOREIGN_KEY_CHECKS, FOREIGN_KEY_CHECKS=0 */;
/*!40101 SET @OLD_SQL_MODE=@@SQL_MODE, SQL_MODE='NO_AUTO_VALUE_ON_ZERO' */;
/*!40111 SET @OLD_SQL_NOTES=@@SQL_NOTES, SQL_NOTES=0 */;

LOCK TABLES `brand` WRITE;
/*!40000 ALTER TABLE `brand` DISABLE KEYS */;
INSERT INTO `brand` VALUES (70,'Charvel'),(76,'Epiphone'),(69,'ESP'),(67,'Fender'),(65,'Gibson'),(75,'Harley Benton'),(64,'Korg'),(77,'Marcus Miller'),(66,'Martin Guitar'),(79,'Novation'),(68,'Taylor'),(78,'Thomann'),(63,'Yamaha');
/*!40000 ALTER TABLE `brand` ENABLE KEYS */;
UNLOCK TABLES;

LOCK TABLES `order_assignments` WRITE;
/*!40000 ALTER TABLE `order_assignments` DISABLE KEYS */;
/*!40000 ALTER TABLE `order_assignments` ENABLE KEYS */;
UNLOCK TABLES;

LOCK TABLES `order_items` WRITE;
/*!40000 ALTER TABLE `order_items` DISABLE KEYS */;
/*!40000 ALTER TABLE `order_items` ENABLE KEYS */;
UNLOCK TABLES;

LOCK TABLES `order_status` WRITE;
/*!40000 ALTER TABLE `order_status` DISABLE KEYS */;
INSERT INTO `order_status` VALUES (1,'new'),(2,'preparing'),(3,'delivering'),(4,'finished'),(5,'canceled'),(6,'ready');
/*!40000 ALTER TABLE `order_status` ENABLE KEYS */;
UNLOCK TABLES;

LOCK TABLES `order_status_history` WRITE;
/*!40000 ALTER TABLE `order_status_history` DISABLE KEYS */;
/*!40000 ALTER TABLE `order_status_history` ENABLE KEYS */;
UNLOCK TABLES;

LOCK TABLES `order_trade_in` WRITE;
/*!40000 ALTER TABLE `order_trade_in` DISABLE KEYS */;
/*!40000 ALTER TABLE `order_trade_in` ENABLE KEYS */;
UNLOCK TABLES;

LOCK TABLES `orders` WRITE;
/*!40000 ALTER TABLE `orders` DISABLE KEYS */;
/*!40000 ALTER TABLE `orders` ENABLE KEYS */;
UNLOCK TABLES;

LOCK TABLES `product` WRITE;
/*!40000 ALTER TABLE `product` DISABLE KEYS */;
INSERT INTO `product` VALUES (17,'D-120CE NT','The Harley Benton D-120CE NT is a typical steel-string guitar with a robust dovetail construction, which also allows solo playing with its cutaway. Not only are the neck and headstock of this dreadnought guitar made of mahogany, its back and sides are made of mahogany as well.','/uploads/1746079453647.jpg',85,'{\"Number of strings\":\"6\",\"Body Shape\":\"Dreadnought\",\"Top Material\":\"Spruce\",\"Fretboard Material\":\"Rosewood\"}',75,1,21),(18,'Hummingbird Standard','Made in USA','/uploads/1746079994831.png',3333,'{\"Number of strings\":\"6\",\"Body Shape\":\"Dreadnought\",\"Top Material\":\"Spruce\",\"Fretboard Material\":\"Rosewood\"}',65,1,21),(19,'J-200 EC Studio BK','Nut width: 4.27 cm\r\nGold-plated hardware\r\nColour: Black','/uploads/1746080376548.png',469,'{\"Number of strings\":\"6\",\"Body Shape\":\"Jumbo\",\"Top Material\":\"Spruce\",\"Fretboard Material\":\"Rosewood\"}',76,1,21),(20,'552ce 12-Fret Urban Ironbark','Style: Grand Concert with cutaway, Back and sides: solid Urban Ironbark, Nut width: 47.6 mm, Colour: Natural Shaded Edgeburst, Made in USA','/uploads/1746082774126.png',2190,'{\"Number of strings\":\"12\",\"Body Shape\":\"Dreadnought\",\"Top Material\":\"Spruce\",\"Fretboard Material\":\"Rosewood\"}',68,1,21),(21,'C40','Bridge: Rosewood (Dalbergia latifolia), \r\nNut width: 52 mm, \r\nBody depth: 43 - 100 mm, \r\nScale: 650 mm (25.59\"), \r\nColour: Natural High-gloss','/uploads/1746082985929.png',111,'{\"Fretboard Material\":\"Rosewood\"}',63,1,22),(22,'Academy Series 12e-N','Top: Lutz spruce, solid, \r\nNut width: 47.6 mm, \r\nColour: Natural, \r\nIncludes Taylor gigbag, \r\nMade in Mexico','/uploads/1746083127249.png',733,'{\"Fretboard Material\":\"Rosewood\"}',68,1,22),(23,'Player II Tele RW SPKL3TS','6-Saddle tele bridge with strings-thru-body and block saddles, \r\nFender ClassicGear machine heads, \r\nNickel/chrome hardware, \r\nStrings: Fender USA 250L Nickel Plated Steel .009-.042, \r\nColour: Sparkle 3-Colour Sunburst','/uploads/1746083796490.png',825,'{\"Number of strings\":\"6\",\"Body Shape\":\"Telecaster\",\"Pickup Configuration\":\"SSS\",\"Top Material\":\"Spruce\",\"Fretboard Material\":\"Ebony\"}',67,1,23),(24,'LTD TE-200 SW','Pickups: ESP-designed LH-150N (neck) and ESP-designed LH-150B (bridge) humbuckers, \r\n1 x Volume control and 1 x tone control (Push-Pull), \r\n3-Way toggle switch, \r\nLTD fixed bridge with string-thru design','/uploads/1746085005965.png',499,'{\"Number of strings\":\"6\",\"Body Shape\":\"Telecaster\",\"Pickup Configuration\":\"SSS\",\"Top Material\":\"Spruce\",\"Fretboard Material\":\"Ebony\"}',69,1,23),(25,'V5 Alder-4 TS','Nut width: 38 mm, \r\nBone nut, \r\nPickup: 2x Marcus Vintage-J Revolution Jazz Single Coils, \r\n2 Volume and 1 Tone control, \r\nVintage bridge','/uploads/1746085276465.png',419,'{\"Number of strings\":\"6\",\"Body Shape\":\"Telecaster\",\"Pickup Configuration\":\"SSS\",\"Top Material\":\"Spruce\",\"Fretboard Material\":\"Ebony\"}',77,1,24),(27,'P8-5 TS','Pickups: Marcus Super P Revolution Split Coil (neck) and Marcus Super J Revolution Single Coil (bridge), \r\nMarcus Heritage-3 Preamplifier with Mid Frequency Control, \r\nControls: Volume/Tone (Dual Pot), Pickup Blender, Treble, Middle/Middle Frequency (Dual Pot) and Bass, ','/uploads/1746091513573.png',825,'{\"Number of strings\":\"5\",\"Fretboard Material\":\"Maple\",\"Top Material\":\"Maple\",\"Body Shape\":\"Strat\"}',77,1,24),(28,'DP-95 B','500 Sounds, \r\n200 Styles, \r\n60 Internal songs, \r\n2 Demo songs, \r\nLCD, \r\n128 Voice polyphony, ','/uploads/1746093114064.png',549,'{\"Number of Keys\":\"88\"}',78,1,17),(29,'NP-15 Piaggero Black','15 Sounds, \r\n64 Voices polyphony, \r\nDual / Layer function, \r\nReverb, \r\n15 Voice Demo Songs, \r\n10 Piano Preset Songs, \r\nMetronome, \r\nTransposer, \r\nRecording function','/uploads/1746093283954.png',175,'{\"Number of Keys\":\"61\"}',63,1,17),(30,'P-145 B','Tone generator: Yamaha CFIIIS with damper resonance, \r\n64-voice polyphony, \r\n10 instrument presets, \r\n50 internal song presets + 303 additional songs to learn via the Smart Pianist app, \r\nDual / Duo modes','/uploads/1746093409345.png',379,'{\"Power Source\":\"Adapter\",\"Number of Keys\":\"88\"}',63,1,19),(31,'DP-26','20 Sounds, \r\n2 Demo songs, \r\n50 Styles, \r\n128 Voice polyphony, \r\nLED display, \r\nLayer mode, \r\nSplit mode, \r\nDuo mode, \r\nMaster EQ','/uploads/1746093524774.png',315,'{\"Number of Keys\":\"88\",\"Power Source\":\"Battery\",\"Touch Sensitivity\":true}',78,1,19),(32,'MODX7+','Velocity-sensitive semi-weighted keyboard, \r\nMotion control synthesis, \r\nSample-based AWM2 synthesis with 128 voices, \r\n5.67 GB waveform ROM & 1.75 GB flash ROM for user waveforms, \r\nFM-X synthesis with 128 voices','/uploads/1746093694073.png',1.529,'{\"Number of Keys\":\"76\",\"Power Source\":\"Adapter\"}',63,1,18),(33,'Launchkey 49 MK4','Buttons for octave up/down, arp/scale/fixed chord, play/stop/record/loop, track navigation, stop/solo/mute, capture MIDI/quantisation/click/undo, scene start as well as device selection and device lock functions, \r\nSplit and Layer function, \r\nDimensions (W x H x D): 730 x 93 x 263.5 mm','/uploads/1746093828261.png',248,'{\"Number of Keys\":\"49\",\"Touch Sensitivity\":true,\"Power Source\":\"Battery\"}',79,1,20),(37,'49SL MKIII','Dimensions: 816.6 x 299.6 x 100 mm, Weight: 5.36 kg, Includes power supply (12V DC), USB cable, Ableton Live Lite, 4 GB Loopmasters Sounds, XLN Audio Addictive Keys','http://localhost:5000/uploads/1768849178187.png',495,'{\"14\":49,\"15\":true,\"18\":\"Adapter\"}',79,1,20);
/*!40000 ALTER TABLE `product` ENABLE KEYS */;
UNLOCK TABLES;

LOCK TABLES `product_status` WRITE;
/*!40000 ALTER TABLE `product_status` DISABLE KEYS */;
INSERT INTO `product_status` VALUES (3,'hiden'),(1,'in stock'),(2,'out of stock');
/*!40000 ALTER TABLE `product_status` ENABLE KEYS */;
UNLOCK TABLES;

LOCK TABLES `product_type` WRITE;
/*!40000 ALTER TABLE `product_type` DISABLE KEYS */;
INSERT INTO `product_type` VALUES (21,'Acoustic Guitars'),(24,'Bass Guitars'),(22,'Classical Guitars'),(17,'Digital piano'),(23,'Electric Guitars'),(20,'MIDI controller'),(19,'Stage piano'),(18,'Synthesizer');
/*!40000 ALTER TABLE `product_type` ENABLE KEYS */;
UNLOCK TABLES;

LOCK TABLES `product_type_special_field` WRITE;
/*!40000 ALTER TABLE `product_type_special_field` DISABLE KEYS */;
INSERT INTO `product_type_special_field` VALUES (21,19),(21,11),(21,21),(21,22),(22,22),(23,19),(23,11),(23,20),(23,21),(23,22),(24,22),(24,21),(24,11),(24,19),(17,14),(18,14),(18,15),(18,18),(20,18),(20,14),(20,15),(19,15),(19,14),(19,18);
/*!40000 ALTER TABLE `product_type_special_field` ENABLE KEYS */;
UNLOCK TABLES;

LOCK TABLES `special_field` WRITE;
/*!40000 ALTER TABLE `special_field` DISABLE KEYS */;
INSERT INTO `special_field` VALUES (11,'Number of strings',2),(12,'is there a case included',1),(13,'Neck size',4),(14,'Number of Keys',2),(15,'Touch Sensitivity',1),(16,'Weighted Keys',1),(17,'Built-in Speakers',1),(18,'Power Source',4),(19,'Body Shape',4),(20,'Pickup Configuration',4),(21,'Top Material',4),(22,'Fretboard Material',4),(23,'Tone',4);
/*!40000 ALTER TABLE `special_field` ENABLE KEYS */;
UNLOCK TABLES;

LOCK TABLES `special_field_datatype` WRITE;
/*!40000 ALTER TABLE `special_field_datatype` DISABLE KEYS */;
INSERT INTO `special_field_datatype` VALUES (1,'boolean'),(2,'integer'),(3,'decimal'),(4,'string');
/*!40000 ALTER TABLE `special_field_datatype` ENABLE KEYS */;
UNLOCK TABLES;

LOCK TABLES `special_field_values` WRITE;
/*!40000 ALTER TABLE `special_field_values` DISABLE KEYS */;
INSERT INTO `special_field_values` VALUES (13,'3/4'),(13,'4/4'),(18,'Battery'),(18,'Adapter'),(19,'Dreadnought'),(19,'Jumbo'),(19,'Strat'),(19,'Les Paul'),(20,'SSS'),(20,'HSS'),(20,'HH'),(21,'Spruce'),(21,'Maple'),(21,'Mahogany'),(22,'Rosewood'),(22,'Maple'),(22,'Ebony'),(19,'Telecaster'),(23,'soprano'),(23,'bass');
/*!40000 ALTER TABLE `special_field_values` ENABLE KEYS */;
UNLOCK TABLES;

LOCK TABLES `trade_in_catalog` WRITE;
/*!40000 ALTER TABLE `trade_in_catalog` DISABLE KEYS */;
INSERT INTO `trade_in_catalog` VALUES (19,469.00,117.25,'2025-11-30 17:11:50'),(22,733.00,73.30,'2025-12-24 15:18:58'),(25,419.00,100.00,'2025-12-24 15:05:32'),(31,315.00,94.50,'2025-12-24 14:49:20'),(33,248.00,99.20,'2025-12-27 14:24:02'),(37,495.00,297.00,'2026-01-19 21:01:24');
/*!40000 ALTER TABLE `trade_in_catalog` ENABLE KEYS */;
UNLOCK TABLES;

LOCK TABLES `trade_in_conditions` WRITE;
/*!40000 ALTER TABLE `trade_in_conditions` DISABLE KEYS */;
INSERT INTO `trade_in_conditions` VALUES ('Broken',20.00),('Fair',65.00),('Good',80.00),('Ideal',100.00),('Like new',90.00),('Worn',45.00);
/*!40000 ALTER TABLE `trade_in_conditions` ENABLE KEYS */;
UNLOCK TABLES;

LOCK TABLES `user_role` WRITE;
/*!40000 ALTER TABLE `user_role` DISABLE KEYS */;
DELETE FROM `user_role`;
INSERT INTO `user_role` VALUES (1,'admin'),(2,'client'),(3,'manager'),(4,'courier');
/*!40000 ALTER TABLE `user_role` ENABLE KEYS */;
UNLOCK TABLES;

LOCK TABLES `users` WRITE;
/*!40000 ALTER TABLE `users` DISABLE KEYS */;
INSERT INTO `users` VALUES (1,'Boss Just','boss_just@mailforspam.com','+373 14444','$2b$12$wxlmp8oCfrXRqwDVMl12VOmx.z4a.F6D133JlBjzg2QvbZRtusgNm','or. Chisinau Strada Circului 33',1,1),(2,'Lonely Klay','lonely_klay@mailforspam.com','+373 14222','$2b$12$bitELebR.iSOV216H8zureawD5ifER/cD4II2cBNmWyfqNdNWEuHu','or. Chisinau Bulevardul Dacia 80/3',2,1),(3,'Manager One','manager1@demo.local','+373 15001','$2b$12$y1KSEjHtiYt7/kdkjTaOcuny0YwJ0oF0F4AIVX3Kh8gLWrV2vjSz6','Chisinau Office 1',3,1),(4,'Manager Two','manager2@demo.local','+373 15002','$2b$12$y1KSEjHtiYt7/kdkjTaOcuny0YwJ0oF0F4AIVX3Kh8gLWrV2vjSz6','Chisinau Office 2',3,1),(5,'Courier One','courier1@demo.local','+373 16001','$2b$12$uXqfjPVL5lSviKopog37h.J.GrI4ApPePptrwzTNZuKg2Q2t5gJra','Chisinau Depot 1',4,1),(6,'Courier Two','courier2@demo.local','+373 16002','$2b$12$uXqfjPVL5lSviKopog37h.J.GrI4ApPePptrwzTNZuKg2Q2t5gJra','Chisinau Depot 2',4,1),(7,'Courier Three','courier3@demo.local','+373 16003','$2b$12$uXqfjPVL5lSviKopog37h.J.GrI4ApPePptrwzTNZuKg2Q2t5gJra','Chisinau Depot 3',4,1);
/*!40000 ALTER TABLE `users` ENABLE KEYS */;
UNLOCK TABLES;

-- =====================
-- TEST DATA (FLAT INSERTS)
-- =====================
LOCK TABLES `users` WRITE;
/*!40000 ALTER TABLE `users` DISABLE KEYS */;
INSERT INTO `users` VALUES
(1001,'Andrei Popescu','client01@test.local','+1 555-0101','$2b$12$bitELebR.iSOV216H8zureawD5ifER/cD4II2cBNmWyfqNdNWEuHu','001 Test St, Apt 1',2,1),
(1002,'Ion Rusu','client02@test.local','+1 555-0102','$2b$12$bitELebR.iSOV216H8zureawD5ifER/cD4II2cBNmWyfqNdNWEuHu','002 Test St, Apt 2',2,1),
(1003,'Maria Ionescu','client03@test.local','+1 555-0103','$2b$12$bitELebR.iSOV216H8zureawD5ifER/cD4II2cBNmWyfqNdNWEuHu','003 Test St, Apt 3',2,1),
(1004,'Elena Ceban','client04@test.local','+1 555-0104','$2b$12$bitELebR.iSOV216H8zureawD5ifER/cD4II2cBNmWyfqNdNWEuHu','004 Test St, Apt 4',2,1),
(1005,'Victor Lungu','client05@test.local','+1 555-0105','$2b$12$bitELebR.iSOV216H8zureawD5ifER/cD4II2cBNmWyfqNdNWEuHu','005 Test St, Apt 5',2,1),
(1006,'Ana Moraru','client06@test.local','+1 555-0106','$2b$12$bitELebR.iSOV216H8zureawD5ifER/cD4II2cBNmWyfqNdNWEuHu','006 Test St, Apt 6',2,1),
(1007,'Sergiu Cojocaru','client07@test.local','+1 555-0107','$2b$12$bitELebR.iSOV216H8zureawD5ifER/cD4II2cBNmWyfqNdNWEuHu','007 Test St, Apt 7',2,1),
(1008,'Natalia Balan','client08@test.local','+1 555-0108','$2b$12$bitELebR.iSOV216H8zureawD5ifER/cD4II2cBNmWyfqNdNWEuHu','008 Test St, Apt 8',2,1),
(1009,'Mihai Rotaru','client09@test.local','+1 555-0109','$2b$12$bitELebR.iSOV216H8zureawD5ifER/cD4II2cBNmWyfqNdNWEuHu','009 Test St, Apt 9',2,1),
(1010,'Cristina Dima','client10@test.local','+1 555-0110','$2b$12$bitELebR.iSOV216H8zureawD5ifER/cD4II2cBNmWyfqNdNWEuHu','010 Test St, Apt 10',2,1);
/*!40000 ALTER TABLE `users` ENABLE KEYS */;
UNLOCK TABLES;

LOCK TABLES `orders` WRITE;
/*!40000 ALTER TABLE `orders` DISABLE KEYS */;
INSERT INTO `orders` (id,user_id,statusId,comment_client,comment_internal,contact_name,delivery_address,delivery_phone,total_price_items,total_discount,total_final,courier_taken_at,delivered_at,canceled_reason,created_at,updated_at) VALUES
(2001,1001,4,'Please call on arrival',NULL,'Andrei Popescu','001 Test St, Apt 1','+1 555-0101',903.00,0.00,903.00,'2025-10-01 11:00:00','2025-10-01 14:00:00',NULL,'2025-10-01 09:00:00','2025-10-01 14:00:00'),
(2002,1002,4,NULL,NULL,'Ion Rusu','002 Test St, Apt 2','+1 555-0102',4158.00,65.97,4092.03,'2025-10-02 11:00:00','2025-10-02 14:00:00',NULL,'2025-10-02 09:00:00','2025-10-02 14:00:00'),
(2003,1003,4,NULL,NULL,'Maria Ionescu','003 Test St, Apt 3','+1 555-0103',968.00,0.00,968.00,'2025-10-03 11:00:00','2025-10-03 14:00:00',NULL,'2025-10-03 09:00:00','2025-10-03 14:00:00'),
(2004,1004,4,NULL,NULL,'Elena Ceban','004 Test St, Apt 4','+1 555-0104',4799.00,94.50,4704.50,'2025-10-04 11:00:00','2025-10-04 14:00:00',NULL,'2025-10-04 09:00:00','2025-10-04 14:00:00'),
(2005,1005,4,NULL,NULL,'Victor Lungu','005 Test St, Apt 5','+1 555-0105',936.00,0.00,936.00,'2025-10-05 11:00:00','2025-10-05 14:00:00',NULL,'2025-10-05 09:00:00','2025-10-05 14:00:00'),
(2006,1006,4,NULL,NULL,'Ana Moraru','006 Test St, Apt 6','+1 555-0106',1282.00,59.40,1222.60,'2025-10-06 11:00:00','2025-10-06 14:00:00',NULL,'2025-10-06 09:00:00','2025-10-06 14:00:00'),
(2007,1007,4,NULL,NULL,'Sergiu Cojocaru','007 Test St, Apt 7','+1 555-0107',1825.00,0.00,1825.00,'2025-10-07 11:00:00','2025-10-07 14:00:00',NULL,'2025-10-07 09:00:00','2025-10-07 14:00:00'),
(2008,1008,4,'Please call on arrival',NULL,'Natalia Balan','008 Test St, Apt 8','+1 555-0108',878.00,65.97,812.03,'2025-10-08 11:00:00','2025-10-08 14:00:00',NULL,'2025-10-08 09:00:00','2025-10-08 14:00:00'),
(2009,1009,4,NULL,NULL,'Mihai Rotaru','009 Test St, Apt 9','+1 555-0109',734.00,0.00,734.00,'2025-10-09 11:00:00','2025-10-09 14:00:00',NULL,'2025-10-09 09:00:00','2025-10-09 14:00:00'),
(2010,1010,4,NULL,NULL,'Cristina Dima','010 Test St, Apt 10','+1 555-0110',1651.53,94.50,1557.03,'2025-10-10 11:00:00','2025-10-10 14:00:00',NULL,'2025-10-10 09:00:00','2025-10-10 14:00:00'),
(2011,1001,4,NULL,NULL,'Andrei Popescu','011 Test St, Apt 11','+1 555-0101',797.00,0.00,797.00,'2025-10-11 11:00:00','2025-10-11 14:00:00',NULL,'2025-10-11 09:00:00','2025-10-11 14:00:00'),
(2012,1002,4,NULL,NULL,'Ion Rusu','012 Test St, Apt 12','+1 555-0102',670.00,59.40,610.60,'2025-10-12 11:00:00','2025-10-12 14:00:00',NULL,'2025-10-12 09:00:00','2025-10-12 14:00:00'),
(2013,1003,4,NULL,NULL,'Maria Ionescu','013 Test St, Apt 13','+1 555-0103',843.00,0.00,843.00,'2025-10-13 11:00:00','2025-10-13 14:00:00',NULL,'2025-10-13 09:00:00','2025-10-13 14:00:00'),
(2014,1004,4,NULL,NULL,'Elena Ceban','014 Test St, Apt 14','+1 555-0104',3648.00,65.97,3582.03,'2025-10-14 11:00:00','2025-10-14 14:00:00',NULL,'2025-10-14 09:00:00','2025-10-14 14:00:00'),
(2015,1005,4,'Please call on arrival',NULL,'Victor Lungu','015 Test St, Apt 15','+1 555-0105',470.53,0.00,470.53,'2025-10-15 11:00:00','2025-10-15 14:00:00',NULL,'2025-10-15 09:00:00','2025-10-15 14:00:00'),
(2016,1006,4,NULL,NULL,'Ana Moraru','016 Test St, Apt 16','+1 555-0106',2686.00,94.50,2591.50,'2025-10-16 11:00:00','2025-10-16 14:00:00',NULL,'2025-10-16 09:00:00','2025-10-16 14:00:00'),
(2017,1007,4,NULL,NULL,'Sergiu Cojocaru','017 Test St, Apt 17','+1 555-0107',606.00,0.00,606.00,'2025-10-17 11:00:00','2025-10-17 14:00:00',NULL,'2025-10-17 09:00:00','2025-10-17 14:00:00'),
(2018,1008,4,NULL,NULL,'Natalia Balan','018 Test St, Apt 18','+1 555-0108',818.00,59.40,758.60,'2025-10-18 11:00:00','2025-10-18 14:00:00',NULL,'2025-10-18 09:00:00','2025-10-18 14:00:00'),
(2019,1009,4,NULL,NULL,'Mihai Rotaru','019 Test St, Apt 19','+1 555-0109',7491.00,0.00,7491.00,'2025-10-19 11:00:00','2025-10-19 14:00:00',NULL,'2025-10-19 09:00:00','2025-10-19 14:00:00'),
(2020,1010,4,NULL,NULL,'Cristina Dima','020 Test St, Apt 20','+1 555-0110',968.00,65.97,902.03,'2025-10-20 11:00:00','2025-10-20 14:00:00',NULL,'2025-10-20 09:00:00','2025-10-20 14:00:00'),
(2021,1001,4,NULL,NULL,'Andrei Popescu','021 Test St, Apt 1','+1 555-0101',2609.00,0.00,2609.00,'2025-10-21 11:00:00','2025-10-21 14:00:00',NULL,'2025-10-21 09:00:00','2025-10-21 14:00:00'),
(2022,1002,4,'Please call on arrival',NULL,'Ion Rusu','022 Test St, Apt 2','+1 555-0102',1047.00,94.50,952.50,'2025-10-22 11:00:00','2025-10-22 14:00:00',NULL,'2025-10-22 09:00:00','2025-10-22 14:00:00'),
(2023,1003,4,NULL,NULL,'Maria Ionescu','023 Test St, Apt 3','+1 555-0103',1282.00,0.00,1282.00,'2025-10-23 11:00:00','2025-10-23 14:00:00',NULL,'2025-10-23 09:00:00','2025-10-23 14:00:00'),
(2024,1004,4,NULL,NULL,'Elena Ceban','024 Test St, Apt 4','+1 555-0104',1000.00,59.40,940.60,'2025-10-24 11:00:00','2025-10-24 14:00:00',NULL,'2025-10-24 09:00:00','2025-10-24 14:00:00'),
(2025,1005,4,NULL,NULL,'Victor Lungu','025 Test St, Apt 5','+1 555-0105',1377.00,0.00,1377.00,'2025-10-25 11:00:00','2025-10-25 14:00:00',NULL,'2025-10-25 09:00:00','2025-10-25 14:00:00'),
(2026,1006,4,NULL,NULL,'Ana Moraru','026 Test St, Apt 6','+1 555-0106',734.00,65.97,668.03,'2025-10-26 11:00:00','2025-10-26 14:00:00',NULL,'2025-10-26 09:00:00','2025-10-26 14:00:00'),
(2027,1007,4,NULL,NULL,'Sergiu Cojocaru','027 Test St, Apt 7','+1 555-0107',826.53,0.00,826.53,'2025-10-27 11:00:00','2025-10-27 14:00:00',NULL,'2025-10-27 09:00:00','2025-10-27 14:00:00'),
(2028,1008,4,NULL,NULL,'Natalia Balan','028 Test St, Apt 8','+1 555-0108',1346.00,94.50,1251.50,'2025-10-28 11:00:00','2025-10-28 14:00:00',NULL,'2025-10-28 09:00:00','2025-10-28 14:00:00'),
(2029,1009,4,'Please call on arrival',NULL,'Mihai Rotaru','029 Test St, Apt 9','+1 555-0109',670.00,0.00,670.00,'2025-10-29 11:00:00','2025-10-29 14:00:00',NULL,'2025-10-29 09:00:00','2025-10-29 14:00:00'),
(2030,1010,4,NULL,NULL,'Cristina Dima','030 Test St, Apt 10','+1 555-0110',464.00,59.40,404.60,'2025-10-30 11:00:00','2025-10-30 14:00:00',NULL,'2025-10-30 09:00:00','2025-10-30 14:00:00'),
(2031,1001,4,NULL,NULL,'Andrei Popescu','031 Test St, Apt 11','+1 555-0101',3963.00,0.00,3963.00,'2025-10-31 11:00:00','2025-10-31 14:00:00',NULL,'2025-10-31 09:00:00','2025-10-31 14:00:00'),
(2032,1002,4,NULL,NULL,'Ion Rusu','032 Test St, Apt 12','+1 555-0102',470.53,65.97,404.56,'2025-11-01 11:00:00','2025-11-01 14:00:00',NULL,'2025-11-01 09:00:00','2025-11-01 14:00:00'),
(2033,1003,4,NULL,NULL,'Maria Ionescu','033 Test St, Apt 13','+1 555-0103',2438.00,0.00,2438.00,'2025-11-02 11:00:00','2025-11-02 14:00:00',NULL,'2025-11-02 09:00:00','2025-11-02 14:00:00'),
(2034,1004,4,NULL,NULL,'Elena Ceban','034 Test St, Apt 14','+1 555-0104',1101.00,94.50,1006.50,'2025-11-03 11:00:00','2025-11-03 14:00:00',NULL,'2025-11-03 09:00:00','2025-11-03 14:00:00'),
(2035,1005,4,NULL,NULL,'Victor Lungu','035 Test St, Apt 15','+1 555-0105',818.00,0.00,818.00,'2025-11-04 11:00:00','2025-11-04 14:00:00',NULL,'2025-11-04 09:00:00','2025-11-04 14:00:00'),
(2036,1006,4,'Please call on arrival',NULL,'Ana Moraru','036 Test St, Apt 16','+1 555-0106',4158.00,59.40,4098.60,'2025-11-05 11:00:00','2025-11-05 14:00:00',NULL,'2025-11-05 09:00:00','2025-11-05 14:00:00'),
(2037,1007,4,NULL,NULL,'Sergiu Cojocaru','037 Test St, Apt 17','+1 555-0107',1437.00,0.00,1437.00,'2025-11-06 11:00:00','2025-11-06 14:00:00',NULL,'2025-11-06 09:00:00','2025-11-06 14:00:00'),
(2038,1008,4,NULL,NULL,'Natalia Balan','038 Test St, Apt 18','+1 555-0108',2609.00,65.97,2543.03,'2025-11-07 11:00:00','2025-11-07 14:00:00',NULL,'2025-11-07 09:00:00','2025-11-07 14:00:00'),
(2039,1009,4,NULL,NULL,'Mihai Rotaru','039 Test St, Apt 19','+1 555-0109',936.00,0.00,936.00,'2025-11-08 11:00:00','2025-11-08 14:00:00',NULL,'2025-11-08 09:00:00','2025-11-08 14:00:00'),
(2040,1010,4,NULL,NULL,'Cristina Dima','040 Test St, Apt 20','+1 555-0110',2015.00,94.50,1920.50,'2025-11-09 11:00:00','2025-11-09 14:00:00',NULL,'2025-11-09 09:00:00','2025-11-09 14:00:00'),
(2041,1001,4,NULL,NULL,'Andrei Popescu','041 Test St, Apt 1','+1 555-0101',1000.00,0.00,1000.00,'2025-11-10 11:00:00','2025-11-10 14:00:00',NULL,'2025-11-10 09:00:00','2025-11-10 14:00:00'),
(2042,1002,4,NULL,NULL,'Ion Rusu','042 Test St, Apt 2','+1 555-0102',878.00,59.40,818.60,'2025-11-11 11:00:00','2025-11-11 14:00:00',NULL,'2025-11-11 09:00:00','2025-11-11 14:00:00'),
(2043,1003,4,'Please call on arrival',NULL,'Maria Ionescu','043 Test St, Apt 3','+1 555-0103',1153.00,0.00,1153.00,'2025-11-12 11:00:00','2025-11-12 14:00:00',NULL,'2025-11-12 09:00:00','2025-11-12 14:00:00'),
(2044,1004,4,NULL,NULL,'Elena Ceban','044 Test St, Apt 4','+1 555-0104',826.53,65.97,760.56,'2025-11-13 11:00:00','2025-11-13 14:00:00',NULL,'2025-11-13 09:00:00','2025-11-13 14:00:00'),
(2045,1005,4,NULL,NULL,'Victor Lungu','045 Test St, Apt 5','+1 555-0105',797.00,0.00,797.00,'2025-11-14 11:00:00','2025-11-14 14:00:00',NULL,'2025-11-14 09:00:00','2025-11-14 14:00:00'),
(2046,1006,4,NULL,NULL,'Ana Moraru','046 Test St, Apt 6','+1 555-0106',845.00,94.50,750.50,'2025-11-15 11:00:00','2025-11-15 14:00:00',NULL,'2025-11-15 09:00:00','2025-11-15 14:00:00'),
(2047,1007,4,NULL,NULL,'Sergiu Cojocaru','047 Test St, Apt 7','+1 555-0107',464.00,0.00,464.00,'2025-11-16 11:00:00','2025-11-16 14:00:00',NULL,'2025-11-16 09:00:00','2025-11-16 14:00:00'),
(2048,1008,4,NULL,NULL,'Natalia Balan','048 Test St, Apt 8','+1 555-0108',3648.00,59.40,3588.60,'2025-11-17 11:00:00','2025-11-17 14:00:00',NULL,'2025-11-17 09:00:00','2025-11-17 14:00:00'),
(2049,1009,4,NULL,NULL,'Mihai Rotaru','049 Test St, Apt 9','+1 555-0109',472.06,0.00,472.06,'2025-11-18 11:00:00','2025-11-18 14:00:00',NULL,'2025-11-18 09:00:00','2025-11-18 14:00:00'),
(2050,1010,4,'Please call on arrival',NULL,'Cristina Dima','050 Test St, Apt 10','+1 555-0110',2438.00,65.97,2372.03,'2025-11-19 11:00:00','2025-11-19 14:00:00',NULL,'2025-11-19 09:00:00','2025-11-19 14:00:00'),
(2051,1001,4,NULL,NULL,'Andrei Popescu','001 Test St, Apt 11','+1 555-0101',606.00,0.00,606.00,'2025-11-20 11:00:00','2025-11-20 14:00:00',NULL,'2025-11-20 09:00:00','2025-11-20 14:00:00'),
(2052,1002,4,NULL,NULL,'Ion Rusu','002 Test St, Apt 12','+1 555-0102',903.00,94.50,808.50,'2025-11-21 11:00:00','2025-11-21 14:00:00',NULL,'2025-11-21 09:00:00','2025-11-21 14:00:00'),
(2053,1003,4,NULL,NULL,'Maria Ionescu','003 Test St, Apt 13','+1 555-0103',4158.00,0.00,4158.00,'2025-11-22 11:00:00','2025-11-22 14:00:00',NULL,'2025-11-22 09:00:00','2025-11-22 14:00:00'),
(2054,1004,4,NULL,NULL,'Elena Ceban','004 Test St, Apt 14','+1 555-0104',968.00,59.40,908.60,'2025-11-23 11:00:00','2025-11-23 14:00:00',NULL,'2025-11-23 09:00:00','2025-11-23 14:00:00'),
(2055,1005,4,NULL,NULL,'Victor Lungu','005 Test St, Apt 15','+1 555-0105',4799.00,0.00,4799.00,'2025-11-24 11:00:00','2025-11-24 14:00:00',NULL,'2025-11-24 09:00:00','2025-11-24 14:00:00'),
(2056,1006,4,NULL,NULL,'Ana Moraru','006 Test St, Apt 16','+1 555-0106',936.00,65.97,870.03,'2025-11-25 11:00:00','2025-11-25 14:00:00',NULL,'2025-11-25 09:00:00','2025-11-25 14:00:00'),
(2057,1007,4,'Please call on arrival',NULL,'Sergiu Cojocaru','007 Test St, Apt 17','+1 555-0107',1282.00,0.00,1282.00,'2025-11-26 11:00:00','2025-11-26 14:00:00',NULL,'2025-11-26 09:00:00','2025-11-26 14:00:00'),
(2058,1008,4,NULL,NULL,'Natalia Balan','008 Test St, Apt 18','+1 555-0108',1825.00,94.50,1730.50,'2025-11-27 11:00:00','2025-11-27 14:00:00',NULL,'2025-11-27 09:00:00','2025-11-27 14:00:00'),
(2059,1009,4,NULL,NULL,'Mihai Rotaru','009 Test St, Apt 19','+1 555-0109',878.00,0.00,878.00,'2025-11-28 11:00:00','2025-11-28 14:00:00',NULL,'2025-11-28 09:00:00','2025-11-28 14:00:00'),
(2060,1010,4,NULL,NULL,'Cristina Dima','010 Test St, Apt 20','+1 555-0110',734.00,59.40,674.60,'2025-11-29 11:00:00','2025-11-29 14:00:00',NULL,'2025-11-29 09:00:00','2025-11-29 14:00:00'),
(2061,1001,4,NULL,NULL,'Andrei Popescu','011 Test St, Apt 1','+1 555-0101',1651.53,0.00,1651.53,'2025-11-30 11:00:00','2025-11-30 14:00:00',NULL,'2025-11-30 09:00:00','2025-11-30 14:00:00'),
(2062,1002,4,NULL,NULL,'Ion Rusu','012 Test St, Apt 2','+1 555-0102',797.00,65.97,731.03,'2025-12-01 11:00:00','2025-12-01 14:00:00',NULL,'2025-12-01 09:00:00','2025-12-01 14:00:00'),
(2063,1003,4,NULL,NULL,'Maria Ionescu','013 Test St, Apt 3','+1 555-0103',670.00,0.00,670.00,'2025-12-02 11:00:00','2025-12-02 14:00:00',NULL,'2025-12-02 09:00:00','2025-12-02 14:00:00'),
(2064,1004,4,'Please call on arrival',NULL,'Elena Ceban','014 Test St, Apt 4','+1 555-0104',843.00,94.50,748.50,'2025-12-03 11:00:00','2025-12-03 14:00:00',NULL,'2025-12-03 09:00:00','2025-12-03 14:00:00'),
(2065,1005,4,NULL,NULL,'Victor Lungu','015 Test St, Apt 5','+1 555-0105',3648.00,0.00,3648.00,'2025-12-04 11:00:00','2025-12-04 14:00:00',NULL,'2025-12-04 09:00:00','2025-12-04 14:00:00'),
(2066,1006,4,NULL,NULL,'Ana Moraru','016 Test St, Apt 6','+1 555-0106',470.53,59.40,411.13,'2025-12-05 11:00:00','2025-12-05 14:00:00',NULL,'2025-12-05 09:00:00','2025-12-05 14:00:00'),
(2067,1007,4,NULL,NULL,'Sergiu Cojocaru','017 Test St, Apt 7','+1 555-0107',2686.00,0.00,2686.00,'2025-12-06 11:00:00','2025-12-06 14:00:00',NULL,'2025-12-06 09:00:00','2025-12-06 14:00:00'),
(2068,1008,4,NULL,NULL,'Natalia Balan','018 Test St, Apt 8','+1 555-0108',606.00,65.97,540.03,'2025-12-07 11:00:00','2025-12-07 14:00:00',NULL,'2025-12-07 09:00:00','2025-12-07 14:00:00'),
(2069,1009,4,NULL,NULL,'Mihai Rotaru','019 Test St, Apt 9','+1 555-0109',818.00,0.00,818.00,'2025-12-08 11:00:00','2025-12-08 14:00:00',NULL,'2025-12-08 09:00:00','2025-12-08 14:00:00'),
(2070,1010,4,NULL,NULL,'Cristina Dima','020 Test St, Apt 10','+1 555-0110',7491.00,94.50,7396.50,'2025-12-09 11:00:00','2025-12-09 14:00:00',NULL,'2025-12-09 09:00:00','2025-12-09 14:00:00'),
(2071,1001,4,'Please call on arrival',NULL,'Andrei Popescu','021 Test St, Apt 11','+1 555-0101',968.00,0.00,968.00,'2025-12-10 11:00:00','2025-12-10 14:00:00',NULL,'2025-12-10 09:00:00','2025-12-10 14:00:00'),
(2072,1002,4,NULL,NULL,'Ion Rusu','022 Test St, Apt 12','+1 555-0102',2609.00,59.40,2549.60,'2025-12-11 11:00:00','2025-12-11 14:00:00',NULL,'2025-12-11 09:00:00','2025-12-11 14:00:00'),
(2073,1003,4,NULL,NULL,'Maria Ionescu','023 Test St, Apt 13','+1 555-0103',1047.00,0.00,1047.00,'2025-12-12 11:00:00','2025-12-12 14:00:00',NULL,'2025-12-12 09:00:00','2025-12-12 14:00:00'),
(2074,1004,4,NULL,NULL,'Elena Ceban','024 Test St, Apt 14','+1 555-0104',1282.00,65.97,1216.03,'2025-12-13 11:00:00','2025-12-13 14:00:00',NULL,'2025-12-13 09:00:00','2025-12-13 14:00:00'),
(2075,1005,4,NULL,NULL,'Victor Lungu','025 Test St, Apt 15','+1 555-0105',1000.00,0.00,1000.00,'2025-12-14 11:00:00','2025-12-14 14:00:00',NULL,'2025-12-14 09:00:00','2025-12-14 14:00:00'),
(2076,1006,4,NULL,NULL,'Ana Moraru','026 Test St, Apt 16','+1 555-0106',1377.00,94.50,1282.50,'2025-12-15 11:00:00','2025-12-15 14:00:00',NULL,'2025-12-15 09:00:00','2025-12-15 14:00:00'),
(2077,1007,4,NULL,NULL,'Sergiu Cojocaru','027 Test St, Apt 17','+1 555-0107',734.00,0.00,734.00,'2025-12-16 11:00:00','2025-12-16 14:00:00',NULL,'2025-12-16 09:00:00','2025-12-16 14:00:00'),
(2078,1008,4,'Please call on arrival',NULL,'Natalia Balan','028 Test St, Apt 18','+1 555-0108',826.53,59.40,767.13,'2025-12-17 11:00:00','2025-12-17 14:00:00',NULL,'2025-12-17 09:00:00','2025-12-17 14:00:00'),
(2079,1009,4,NULL,NULL,'Mihai Rotaru','029 Test St, Apt 19','+1 555-0109',1346.00,0.00,1346.00,'2025-12-18 11:00:00','2025-12-18 14:00:00',NULL,'2025-12-18 09:00:00','2025-12-18 14:00:00'),
(2080,1010,4,NULL,NULL,'Cristina Dima','030 Test St, Apt 20','+1 555-0110',670.00,65.97,604.03,'2025-12-19 11:00:00','2025-12-19 14:00:00',NULL,'2025-12-19 09:00:00','2025-12-19 14:00:00'),
(2081,1001,4,NULL,NULL,'Andrei Popescu','031 Test St, Apt 1','+1 555-0101',464.00,0.00,464.00,'2025-12-20 11:00:00','2025-12-20 14:00:00',NULL,'2025-12-20 09:00:00','2025-12-20 14:00:00'),
(2082,1002,4,NULL,NULL,'Ion Rusu','032 Test St, Apt 2','+1 555-0102',3963.00,94.50,3868.50,'2025-12-21 11:00:00','2025-12-21 14:00:00',NULL,'2025-12-21 09:00:00','2025-12-21 14:00:00'),
(2083,1003,4,NULL,NULL,'Maria Ionescu','033 Test St, Apt 3','+1 555-0103',470.53,0.00,470.53,'2025-12-22 11:00:00','2025-12-22 14:00:00',NULL,'2025-12-22 09:00:00','2025-12-22 14:00:00'),
(2084,1004,4,NULL,NULL,'Elena Ceban','034 Test St, Apt 4','+1 555-0104',2438.00,59.40,2378.60,'2025-12-23 11:00:00','2025-12-23 14:00:00',NULL,'2025-12-23 09:00:00','2025-12-23 14:00:00'),
(2085,1005,4,'Please call on arrival',NULL,'Victor Lungu','035 Test St, Apt 5','+1 555-0105',1101.00,0.00,1101.00,'2025-12-24 11:00:00','2025-12-24 14:00:00',NULL,'2025-12-24 09:00:00','2025-12-24 14:00:00'),
(2086,1006,4,NULL,NULL,'Ana Moraru','036 Test St, Apt 6','+1 555-0106',818.00,65.97,752.03,'2025-12-25 11:00:00','2025-12-25 14:00:00',NULL,'2025-12-25 09:00:00','2025-12-25 14:00:00'),
(2087,1007,4,NULL,NULL,'Sergiu Cojocaru','037 Test St, Apt 7','+1 555-0107',4158.00,0.00,4158.00,'2025-12-26 11:00:00','2025-12-26 14:00:00',NULL,'2025-12-26 09:00:00','2025-12-26 14:00:00'),
(2088,1008,4,NULL,NULL,'Natalia Balan','038 Test St, Apt 8','+1 555-0108',1437.00,94.50,1342.50,'2025-12-27 11:00:00','2025-12-27 14:00:00',NULL,'2025-12-27 09:00:00','2025-12-27 14:00:00'),
(2089,1009,4,NULL,NULL,'Mihai Rotaru','039 Test St, Apt 9','+1 555-0109',2609.00,0.00,2609.00,'2025-12-28 11:00:00','2025-12-28 14:00:00',NULL,'2025-12-28 09:00:00','2025-12-28 14:00:00'),
(2090,1010,4,NULL,NULL,'Cristina Dima','040 Test St, Apt 10','+1 555-0110',936.00,59.40,876.60,'2025-12-29 11:00:00','2025-12-29 14:00:00',NULL,'2025-12-29 09:00:00','2025-12-29 14:00:00'),
(2091,1001,4,NULL,NULL,'Andrei Popescu','041 Test St, Apt 11','+1 555-0101',2015.00,0.00,2015.00,'2025-12-30 11:00:00','2025-12-30 14:00:00',NULL,'2025-12-30 09:00:00','2025-12-30 14:00:00'),
(2092,1002,4,'Please call on arrival',NULL,'Ion Rusu','042 Test St, Apt 12','+1 555-0102',1000.00,65.97,934.03,'2025-12-31 11:00:00','2025-12-31 14:00:00',NULL,'2025-12-31 09:00:00','2025-12-31 14:00:00'),
(2093,1003,4,NULL,NULL,'Maria Ionescu','043 Test St, Apt 13','+1 555-0103',878.00,0.00,878.00,'2026-01-01 11:00:00','2026-01-01 14:00:00',NULL,'2026-01-01 09:00:00','2026-01-01 14:00:00'),
(2094,1004,4,NULL,NULL,'Elena Ceban','044 Test St, Apt 14','+1 555-0104',1153.00,94.50,1058.50,'2026-01-02 11:00:00','2026-01-02 14:00:00',NULL,'2026-01-02 09:00:00','2026-01-02 14:00:00'),
(2095,1005,4,NULL,NULL,'Victor Lungu','045 Test St, Apt 15','+1 555-0105',826.53,0.00,826.53,'2026-01-03 11:00:00','2026-01-03 14:00:00',NULL,'2026-01-03 09:00:00','2026-01-03 14:00:00'),
(2096,1006,4,NULL,NULL,'Ana Moraru','046 Test St, Apt 16','+1 555-0106',797.00,59.40,737.60,'2026-01-04 11:00:00','2026-01-04 14:00:00',NULL,'2026-01-04 09:00:00','2026-01-04 14:00:00'),
(2097,1007,4,NULL,NULL,'Sergiu Cojocaru','047 Test St, Apt 17','+1 555-0107',845.00,0.00,845.00,'2026-01-05 11:00:00','2026-01-05 14:00:00',NULL,'2026-01-05 09:00:00','2026-01-05 14:00:00'),
(2098,1008,4,NULL,NULL,'Natalia Balan','048 Test St, Apt 18','+1 555-0108',464.00,65.97,398.03,'2026-01-06 11:00:00','2026-01-06 14:00:00',NULL,'2026-01-06 09:00:00','2026-01-06 14:00:00'),
(2099,1009,4,'Please call on arrival',NULL,'Mihai Rotaru','049 Test St, Apt 19','+1 555-0109',3648.00,0.00,3648.00,'2026-01-07 11:00:00','2026-01-07 14:00:00',NULL,'2026-01-07 09:00:00','2026-01-07 14:00:00'),
(2100,1010,4,NULL,NULL,'Cristina Dima','050 Test St, Apt 20','+1 555-0110',472.06,94.50,377.56,'2026-01-08 11:00:00','2026-01-08 14:00:00',NULL,'2026-01-08 09:00:00','2026-01-08 14:00:00');
/*!40000 ALTER TABLE `orders` ENABLE KEYS */;
UNLOCK TABLES;

LOCK TABLES `order_items` WRITE;
/*!40000 ALTER TABLE `order_items` DISABLE KEYS */;
INSERT INTO `order_items` (order_id,product_id,quantity,price_each,subtotal,created_at) VALUES
(2001,17,2,85.00,170.00,'2025-10-01 09:00:00'),
(2001,22,1,733.00,733.00,'2025-10-01 09:00:00'),
(2002,18,1,3333.00,3333.00,'2025-10-02 09:00:00'),
(2002,23,1,825.00,825.00,'2025-10-02 09:00:00'),
(2003,19,1,469.00,469.00,'2025-10-03 09:00:00'),
(2003,24,1,499.00,499.00,'2025-10-03 09:00:00'),
(2004,20,2,2190.00,4380.00,'2025-10-04 09:00:00'),
(2004,25,1,419.00,419.00,'2025-10-04 09:00:00'),
(2005,21,1,111.00,111.00,'2025-10-05 09:00:00'),
(2005,27,1,825.00,825.00,'2025-10-05 09:00:00'),
(2006,22,1,733.00,733.00,'2025-10-06 09:00:00'),
(2006,28,1,549.00,549.00,'2025-10-06 09:00:00'),
(2007,23,2,825.00,1650.00,'2025-10-07 09:00:00'),
(2007,29,1,175.00,175.00,'2025-10-07 09:00:00'),
(2008,24,1,499.00,499.00,'2025-10-08 09:00:00'),
(2008,30,1,379.00,379.00,'2025-10-08 09:00:00'),
(2009,25,1,419.00,419.00,'2025-10-09 09:00:00'),
(2009,31,1,315.00,315.00,'2025-10-09 09:00:00'),
(2010,27,2,825.00,1650.00,'2025-10-10 09:00:00'),
(2010,32,1,1.53,1.53,'2025-10-10 09:00:00'),
(2011,28,1,549.00,549.00,'2025-10-11 09:00:00'),
(2011,33,1,248.00,248.00,'2025-10-11 09:00:00'),
(2012,29,1,175.00,175.00,'2025-10-12 09:00:00'),
(2012,37,1,495.00,495.00,'2025-10-12 09:00:00'),
(2013,30,2,379.00,758.00,'2025-10-13 09:00:00'),
(2013,17,1,85.00,85.00,'2025-10-13 09:00:00'),
(2014,31,1,315.00,315.00,'2025-10-14 09:00:00'),
(2014,18,1,3333.00,3333.00,'2025-10-14 09:00:00'),
(2015,32,1,1.53,1.53,'2025-10-15 09:00:00'),
(2015,19,1,469.00,469.00,'2025-10-15 09:00:00'),
(2016,33,2,248.00,496.00,'2025-10-16 09:00:00'),
(2016,20,1,2190.00,2190.00,'2025-10-16 09:00:00'),
(2017,37,1,495.00,495.00,'2025-10-17 09:00:00'),
(2017,21,1,111.00,111.00,'2025-10-17 09:00:00'),
(2018,17,1,85.00,85.00,'2025-10-18 09:00:00'),
(2018,22,1,733.00,733.00,'2025-10-18 09:00:00'),
(2019,18,2,3333.00,6666.00,'2025-10-19 09:00:00'),
(2019,23,1,825.00,825.00,'2025-10-19 09:00:00'),
(2020,19,1,469.00,469.00,'2025-10-20 09:00:00'),
(2020,24,1,499.00,499.00,'2025-10-20 09:00:00'),
(2021,20,1,2190.00,2190.00,'2025-10-21 09:00:00'),
(2021,25,1,419.00,419.00,'2025-10-21 09:00:00'),
(2022,21,2,111.00,222.00,'2025-10-22 09:00:00'),
(2022,27,1,825.00,825.00,'2025-10-22 09:00:00'),
(2023,22,1,733.00,733.00,'2025-10-23 09:00:00'),
(2023,28,1,549.00,549.00,'2025-10-23 09:00:00'),
(2024,23,1,825.00,825.00,'2025-10-24 09:00:00'),
(2024,29,1,175.00,175.00,'2025-10-24 09:00:00'),
(2025,24,2,499.00,998.00,'2025-10-25 09:00:00'),
(2025,30,1,379.00,379.00,'2025-10-25 09:00:00'),
(2026,25,1,419.00,419.00,'2025-10-26 09:00:00'),
(2026,31,1,315.00,315.00,'2025-10-26 09:00:00'),
(2027,27,1,825.00,825.00,'2025-10-27 09:00:00'),
(2027,32,1,1.53,1.53,'2025-10-27 09:00:00'),
(2028,28,2,549.00,1098.00,'2025-10-28 09:00:00'),
(2028,33,1,248.00,248.00,'2025-10-28 09:00:00'),
(2029,29,1,175.00,175.00,'2025-10-29 09:00:00'),
(2029,37,1,495.00,495.00,'2025-10-29 09:00:00'),
(2030,30,1,379.00,379.00,'2025-10-30 09:00:00'),
(2030,17,1,85.00,85.00,'2025-10-30 09:00:00'),
(2031,31,2,315.00,630.00,'2025-10-31 09:00:00'),
(2031,18,1,3333.00,3333.00,'2025-10-31 09:00:00'),
(2032,32,1,1.53,1.53,'2025-11-01 09:00:00'),
(2032,19,1,469.00,469.00,'2025-11-01 09:00:00'),
(2033,33,1,248.00,248.00,'2025-11-02 09:00:00'),
(2033,20,1,2190.00,2190.00,'2025-11-02 09:00:00'),
(2034,37,2,495.00,990.00,'2025-11-03 09:00:00'),
(2034,21,1,111.00,111.00,'2025-11-03 09:00:00'),
(2035,17,1,85.00,85.00,'2025-11-04 09:00:00'),
(2035,22,1,733.00,733.00,'2025-11-04 09:00:00'),
(2036,18,1,3333.00,3333.00,'2025-11-05 09:00:00'),
(2036,23,1,825.00,825.00,'2025-11-05 09:00:00'),
(2037,19,2,469.00,938.00,'2025-11-06 09:00:00'),
(2037,24,1,499.00,499.00,'2025-11-06 09:00:00'),
(2038,20,1,2190.00,2190.00,'2025-11-07 09:00:00'),
(2038,25,1,419.00,419.00,'2025-11-07 09:00:00'),
(2039,21,1,111.00,111.00,'2025-11-08 09:00:00'),
(2039,27,1,825.00,825.00,'2025-11-08 09:00:00'),
(2040,22,2,733.00,1466.00,'2025-11-09 09:00:00'),
(2040,28,1,549.00,549.00,'2025-11-09 09:00:00'),
(2041,23,1,825.00,825.00,'2025-11-10 09:00:00'),
(2041,29,1,175.00,175.00,'2025-11-10 09:00:00'),
(2042,24,1,499.00,499.00,'2025-11-11 09:00:00'),
(2042,30,1,379.00,379.00,'2025-11-11 09:00:00'),
(2043,25,2,419.00,838.00,'2025-11-12 09:00:00'),
(2043,31,1,315.00,315.00,'2025-11-12 09:00:00'),
(2044,27,1,825.00,825.00,'2025-11-13 09:00:00'),
(2044,32,1,1.53,1.53,'2025-11-13 09:00:00'),
(2045,28,1,549.00,549.00,'2025-11-14 09:00:00'),
(2045,33,1,248.00,248.00,'2025-11-14 09:00:00'),
(2046,29,2,175.00,350.00,'2025-11-15 09:00:00'),
(2046,37,1,495.00,495.00,'2025-11-15 09:00:00'),
(2047,30,1,379.00,379.00,'2025-11-16 09:00:00'),
(2047,17,1,85.00,85.00,'2025-11-16 09:00:00'),
(2048,31,1,315.00,315.00,'2025-11-17 09:00:00'),
(2048,18,1,3333.00,3333.00,'2025-11-17 09:00:00'),
(2049,32,2,1.53,3.06,'2025-11-18 09:00:00'),
(2049,19,1,469.00,469.00,'2025-11-18 09:00:00'),
(2050,33,1,248.00,248.00,'2025-11-19 09:00:00'),
(2050,20,1,2190.00,2190.00,'2025-11-19 09:00:00'),
(2051,37,1,495.00,495.00,'2025-11-20 09:00:00'),
(2051,21,1,111.00,111.00,'2025-11-20 09:00:00'),
(2052,17,2,85.00,170.00,'2025-11-21 09:00:00'),
(2052,22,1,733.00,733.00,'2025-11-21 09:00:00'),
(2053,18,1,3333.00,3333.00,'2025-11-22 09:00:00'),
(2053,23,1,825.00,825.00,'2025-11-22 09:00:00'),
(2054,19,1,469.00,469.00,'2025-11-23 09:00:00'),
(2054,24,1,499.00,499.00,'2025-11-23 09:00:00'),
(2055,20,2,2190.00,4380.00,'2025-11-24 09:00:00'),
(2055,25,1,419.00,419.00,'2025-11-24 09:00:00'),
(2056,21,1,111.00,111.00,'2025-11-25 09:00:00'),
(2056,27,1,825.00,825.00,'2025-11-25 09:00:00'),
(2057,22,1,733.00,733.00,'2025-11-26 09:00:00'),
(2057,28,1,549.00,549.00,'2025-11-26 09:00:00'),
(2058,23,2,825.00,1650.00,'2025-11-27 09:00:00'),
(2058,29,1,175.00,175.00,'2025-11-27 09:00:00'),
(2059,24,1,499.00,499.00,'2025-11-28 09:00:00'),
(2059,30,1,379.00,379.00,'2025-11-28 09:00:00'),
(2060,25,1,419.00,419.00,'2025-11-29 09:00:00'),
(2060,31,1,315.00,315.00,'2025-11-29 09:00:00'),
(2061,27,2,825.00,1650.00,'2025-11-30 09:00:00'),
(2061,32,1,1.53,1.53,'2025-11-30 09:00:00'),
(2062,28,1,549.00,549.00,'2025-12-01 09:00:00'),
(2062,33,1,248.00,248.00,'2025-12-01 09:00:00'),
(2063,29,1,175.00,175.00,'2025-12-02 09:00:00'),
(2063,37,1,495.00,495.00,'2025-12-02 09:00:00'),
(2064,30,2,379.00,758.00,'2025-12-03 09:00:00'),
(2064,17,1,85.00,85.00,'2025-12-03 09:00:00'),
(2065,31,1,315.00,315.00,'2025-12-04 09:00:00'),
(2065,18,1,3333.00,3333.00,'2025-12-04 09:00:00'),
(2066,32,1,1.53,1.53,'2025-12-05 09:00:00'),
(2066,19,1,469.00,469.00,'2025-12-05 09:00:00'),
(2067,33,2,248.00,496.00,'2025-12-06 09:00:00'),
(2067,20,1,2190.00,2190.00,'2025-12-06 09:00:00'),
(2068,37,1,495.00,495.00,'2025-12-07 09:00:00'),
(2068,21,1,111.00,111.00,'2025-12-07 09:00:00'),
(2069,17,1,85.00,85.00,'2025-12-08 09:00:00'),
(2069,22,1,733.00,733.00,'2025-12-08 09:00:00'),
(2070,18,2,3333.00,6666.00,'2025-12-09 09:00:00'),
(2070,23,1,825.00,825.00,'2025-12-09 09:00:00'),
(2071,19,1,469.00,469.00,'2025-12-10 09:00:00'),
(2071,24,1,499.00,499.00,'2025-12-10 09:00:00'),
(2072,20,1,2190.00,2190.00,'2025-12-11 09:00:00'),
(2072,25,1,419.00,419.00,'2025-12-11 09:00:00'),
(2073,21,2,111.00,222.00,'2025-12-12 09:00:00'),
(2073,27,1,825.00,825.00,'2025-12-12 09:00:00'),
(2074,22,1,733.00,733.00,'2025-12-13 09:00:00'),
(2074,28,1,549.00,549.00,'2025-12-13 09:00:00'),
(2075,23,1,825.00,825.00,'2025-12-14 09:00:00'),
(2075,29,1,175.00,175.00,'2025-12-14 09:00:00'),
(2076,24,2,499.00,998.00,'2025-12-15 09:00:00'),
(2076,30,1,379.00,379.00,'2025-12-15 09:00:00'),
(2077,25,1,419.00,419.00,'2025-12-16 09:00:00'),
(2077,31,1,315.00,315.00,'2025-12-16 09:00:00'),
(2078,27,1,825.00,825.00,'2025-12-17 09:00:00'),
(2078,32,1,1.53,1.53,'2025-12-17 09:00:00'),
(2079,28,2,549.00,1098.00,'2025-12-18 09:00:00'),
(2079,33,1,248.00,248.00,'2025-12-18 09:00:00'),
(2080,29,1,175.00,175.00,'2025-12-19 09:00:00'),
(2080,37,1,495.00,495.00,'2025-12-19 09:00:00'),
(2081,30,1,379.00,379.00,'2025-12-20 09:00:00'),
(2081,17,1,85.00,85.00,'2025-12-20 09:00:00'),
(2082,31,2,315.00,630.00,'2025-12-21 09:00:00'),
(2082,18,1,3333.00,3333.00,'2025-12-21 09:00:00'),
(2083,32,1,1.53,1.53,'2025-12-22 09:00:00'),
(2083,19,1,469.00,469.00,'2025-12-22 09:00:00'),
(2084,33,1,248.00,248.00,'2025-12-23 09:00:00'),
(2084,20,1,2190.00,2190.00,'2025-12-23 09:00:00'),
(2085,37,2,495.00,990.00,'2025-12-24 09:00:00'),
(2085,21,1,111.00,111.00,'2025-12-24 09:00:00'),
(2086,17,1,85.00,85.00,'2025-12-25 09:00:00'),
(2086,22,1,733.00,733.00,'2025-12-25 09:00:00'),
(2087,18,1,3333.00,3333.00,'2025-12-26 09:00:00'),
(2087,23,1,825.00,825.00,'2025-12-26 09:00:00'),
(2088,19,2,469.00,938.00,'2025-12-27 09:00:00'),
(2088,24,1,499.00,499.00,'2025-12-27 09:00:00'),
(2089,20,1,2190.00,2190.00,'2025-12-28 09:00:00'),
(2089,25,1,419.00,419.00,'2025-12-28 09:00:00'),
(2090,21,1,111.00,111.00,'2025-12-29 09:00:00'),
(2090,27,1,825.00,825.00,'2025-12-29 09:00:00'),
(2091,22,2,733.00,1466.00,'2025-12-30 09:00:00'),
(2091,28,1,549.00,549.00,'2025-12-30 09:00:00'),
(2092,23,1,825.00,825.00,'2025-12-31 09:00:00'),
(2092,29,1,175.00,175.00,'2025-12-31 09:00:00'),
(2093,24,1,499.00,499.00,'2026-01-01 09:00:00'),
(2093,30,1,379.00,379.00,'2026-01-01 09:00:00'),
(2094,25,2,419.00,838.00,'2026-01-02 09:00:00'),
(2094,31,1,315.00,315.00,'2026-01-02 09:00:00'),
(2095,27,1,825.00,825.00,'2026-01-03 09:00:00'),
(2095,32,1,1.53,1.53,'2026-01-03 09:00:00'),
(2096,28,1,549.00,549.00,'2026-01-04 09:00:00'),
(2096,33,1,248.00,248.00,'2026-01-04 09:00:00'),
(2097,29,2,175.00,350.00,'2026-01-05 09:00:00'),
(2097,37,1,495.00,495.00,'2026-01-05 09:00:00'),
(2098,30,1,379.00,379.00,'2026-01-06 09:00:00'),
(2098,17,1,85.00,85.00,'2026-01-06 09:00:00'),
(2099,31,1,315.00,315.00,'2026-01-07 09:00:00'),
(2099,18,1,3333.00,3333.00,'2026-01-07 09:00:00'),
(2100,32,2,1.53,3.06,'2026-01-08 09:00:00'),
(2100,19,1,469.00,469.00,'2026-01-08 09:00:00');
/*!40000 ALTER TABLE `order_items` ENABLE KEYS */;
UNLOCK TABLES;

LOCK TABLES `order_trade_in` WRITE;
/*!40000 ALTER TABLE `order_trade_in` DISABLE KEYS */;
INSERT INTO `order_trade_in` (order_id,product_id,condition_code,base_amount,percent,discount_amount,created_at) VALUES
(2002,22,'Like new',73.30,90.00,65.97,'2025-10-02 09:00:00'),
(2004,31,'Ideal',94.50,100.00,94.50,'2025-10-04 09:00:00'),
(2006,37,'Broken',297.00,20.00,59.40,'2025-10-06 09:00:00'),
(2008,22,'Like new',73.30,90.00,65.97,'2025-10-08 09:00:00'),
(2010,31,'Ideal',94.50,100.00,94.50,'2025-10-10 09:00:00'),
(2012,37,'Broken',297.00,20.00,59.40,'2025-10-12 09:00:00'),
(2014,22,'Like new',73.30,90.00,65.97,'2025-10-14 09:00:00'),
(2016,31,'Ideal',94.50,100.00,94.50,'2025-10-16 09:00:00'),
(2018,37,'Broken',297.00,20.00,59.40,'2025-10-18 09:00:00'),
(2020,22,'Like new',73.30,90.00,65.97,'2025-10-20 09:00:00'),
(2022,31,'Ideal',94.50,100.00,94.50,'2025-10-22 09:00:00'),
(2024,37,'Broken',297.00,20.00,59.40,'2025-10-24 09:00:00'),
(2026,22,'Like new',73.30,90.00,65.97,'2025-10-26 09:00:00'),
(2028,31,'Ideal',94.50,100.00,94.50,'2025-10-28 09:00:00'),
(2030,37,'Broken',297.00,20.00,59.40,'2025-10-30 09:00:00'),
(2032,22,'Like new',73.30,90.00,65.97,'2025-11-01 09:00:00'),
(2034,31,'Ideal',94.50,100.00,94.50,'2025-11-03 09:00:00'),
(2036,37,'Broken',297.00,20.00,59.40,'2025-11-05 09:00:00'),
(2038,22,'Like new',73.30,90.00,65.97,'2025-11-07 09:00:00'),
(2040,31,'Ideal',94.50,100.00,94.50,'2025-11-09 09:00:00'),
(2042,37,'Broken',297.00,20.00,59.40,'2025-11-11 09:00:00'),
(2044,22,'Like new',73.30,90.00,65.97,'2025-11-13 09:00:00'),
(2046,31,'Ideal',94.50,100.00,94.50,'2025-11-15 09:00:00'),
(2048,37,'Broken',297.00,20.00,59.40,'2025-11-17 09:00:00'),
(2050,22,'Like new',73.30,90.00,65.97,'2025-11-19 09:00:00'),
(2052,31,'Ideal',94.50,100.00,94.50,'2025-11-21 09:00:00'),
(2054,37,'Broken',297.00,20.00,59.40,'2025-11-23 09:00:00'),
(2056,22,'Like new',73.30,90.00,65.97,'2025-11-25 09:00:00'),
(2058,31,'Ideal',94.50,100.00,94.50,'2025-11-27 09:00:00'),
(2060,37,'Broken',297.00,20.00,59.40,'2025-11-29 09:00:00'),
(2062,22,'Like new',73.30,90.00,65.97,'2025-12-01 09:00:00'),
(2064,31,'Ideal',94.50,100.00,94.50,'2025-12-03 09:00:00'),
(2066,37,'Broken',297.00,20.00,59.40,'2025-12-05 09:00:00'),
(2068,22,'Like new',73.30,90.00,65.97,'2025-12-07 09:00:00'),
(2070,31,'Ideal',94.50,100.00,94.50,'2025-12-09 09:00:00'),
(2072,37,'Broken',297.00,20.00,59.40,'2025-12-11 09:00:00'),
(2074,22,'Like new',73.30,90.00,65.97,'2025-12-13 09:00:00'),
(2076,31,'Ideal',94.50,100.00,94.50,'2025-12-15 09:00:00'),
(2078,37,'Broken',297.00,20.00,59.40,'2025-12-17 09:00:00'),
(2080,22,'Like new',73.30,90.00,65.97,'2025-12-19 09:00:00'),
(2082,31,'Ideal',94.50,100.00,94.50,'2025-12-21 09:00:00'),
(2084,37,'Broken',297.00,20.00,59.40,'2025-12-23 09:00:00'),
(2086,22,'Like new',73.30,90.00,65.97,'2025-12-25 09:00:00'),
(2088,31,'Ideal',94.50,100.00,94.50,'2025-12-27 09:00:00'),
(2090,37,'Broken',297.00,20.00,59.40,'2025-12-29 09:00:00'),
(2092,22,'Like new',73.30,90.00,65.97,'2025-12-31 09:00:00'),
(2094,31,'Ideal',94.50,100.00,94.50,'2026-01-02 09:00:00'),
(2096,37,'Broken',297.00,20.00,59.40,'2026-01-04 09:00:00'),
(2098,22,'Like new',73.30,90.00,65.97,'2026-01-06 09:00:00'),
(2100,31,'Ideal',94.50,100.00,94.50,'2026-01-08 09:00:00');
/*!40000 ALTER TABLE `order_trade_in` ENABLE KEYS */;
UNLOCK TABLES;

LOCK TABLES `order_assignments` WRITE;
/*!40000 ALTER TABLE `order_assignments` DISABLE KEYS */;
INSERT INTO `order_assignments` (order_id,user_role_id,user_id,active,assigned_at,unassigned_at) VALUES
(2001,3,3,0,'2025-10-01 09:30:00','2025-10-01 10:30:00'),
(2001,4,5,0,'2025-10-01 11:00:00','2025-10-01 14:00:00'),
(2002,3,4,0,'2025-10-02 09:30:00','2025-10-02 10:30:00'),
(2002,4,6,0,'2025-10-02 11:00:00','2025-10-02 14:00:00'),
(2003,3,3,0,'2025-10-03 09:30:00','2025-10-03 10:30:00'),
(2003,4,5,0,'2025-10-03 11:00:00','2025-10-03 14:00:00'),
(2004,3,4,0,'2025-10-04 09:30:00','2025-10-04 10:30:00'),
(2004,4,6,0,'2025-10-04 11:00:00','2025-10-04 14:00:00'),
(2005,3,3,0,'2025-10-05 09:30:00','2025-10-05 10:30:00'),
(2005,4,5,0,'2025-10-05 11:00:00','2025-10-05 14:00:00'),
(2006,3,4,0,'2025-10-06 09:30:00','2025-10-06 10:30:00'),
(2006,4,6,0,'2025-10-06 11:00:00','2025-10-06 14:00:00'),
(2007,3,3,0,'2025-10-07 09:30:00','2025-10-07 10:30:00'),
(2007,4,5,0,'2025-10-07 11:00:00','2025-10-07 14:00:00'),
(2008,3,4,0,'2025-10-08 09:30:00','2025-10-08 10:30:00'),
(2008,4,6,0,'2025-10-08 11:00:00','2025-10-08 14:00:00'),
(2009,3,3,0,'2025-10-09 09:30:00','2025-10-09 10:30:00'),
(2009,4,5,0,'2025-10-09 11:00:00','2025-10-09 14:00:00'),
(2010,3,4,0,'2025-10-10 09:30:00','2025-10-10 10:30:00'),
(2010,4,6,0,'2025-10-10 11:00:00','2025-10-10 14:00:00'),
(2011,3,3,0,'2025-10-11 09:30:00','2025-10-11 10:30:00'),
(2011,4,5,0,'2025-10-11 11:00:00','2025-10-11 14:00:00'),
(2012,3,4,0,'2025-10-12 09:30:00','2025-10-12 10:30:00'),
(2012,4,6,0,'2025-10-12 11:00:00','2025-10-12 14:00:00'),
(2013,3,3,0,'2025-10-13 09:30:00','2025-10-13 10:30:00'),
(2013,4,5,0,'2025-10-13 11:00:00','2025-10-13 14:00:00'),
(2014,3,4,0,'2025-10-14 09:30:00','2025-10-14 10:30:00'),
(2014,4,6,0,'2025-10-14 11:00:00','2025-10-14 14:00:00'),
(2015,3,3,0,'2025-10-15 09:30:00','2025-10-15 10:30:00'),
(2015,4,5,0,'2025-10-15 11:00:00','2025-10-15 14:00:00'),
(2016,3,4,0,'2025-10-16 09:30:00','2025-10-16 10:30:00'),
(2016,4,6,0,'2025-10-16 11:00:00','2025-10-16 14:00:00'),
(2017,3,3,0,'2025-10-17 09:30:00','2025-10-17 10:30:00'),
(2017,4,5,0,'2025-10-17 11:00:00','2025-10-17 14:00:00'),
(2018,3,4,0,'2025-10-18 09:30:00','2025-10-18 10:30:00'),
(2018,4,6,0,'2025-10-18 11:00:00','2025-10-18 14:00:00'),
(2019,3,3,0,'2025-10-19 09:30:00','2025-10-19 10:30:00'),
(2019,4,5,0,'2025-10-19 11:00:00','2025-10-19 14:00:00'),
(2020,3,4,0,'2025-10-20 09:30:00','2025-10-20 10:30:00'),
(2020,4,6,0,'2025-10-20 11:00:00','2025-10-20 14:00:00'),
(2021,3,3,0,'2025-10-21 09:30:00','2025-10-21 10:30:00'),
(2021,4,5,0,'2025-10-21 11:00:00','2025-10-21 14:00:00'),
(2022,3,4,0,'2025-10-22 09:30:00','2025-10-22 10:30:00'),
(2022,4,6,0,'2025-10-22 11:00:00','2025-10-22 14:00:00'),
(2023,3,3,0,'2025-10-23 09:30:00','2025-10-23 10:30:00'),
(2023,4,5,0,'2025-10-23 11:00:00','2025-10-23 14:00:00'),
(2024,3,4,0,'2025-10-24 09:30:00','2025-10-24 10:30:00'),
(2024,4,6,0,'2025-10-24 11:00:00','2025-10-24 14:00:00'),
(2025,3,3,0,'2025-10-25 09:30:00','2025-10-25 10:30:00'),
(2025,4,5,0,'2025-10-25 11:00:00','2025-10-25 14:00:00'),
(2026,3,4,0,'2025-10-26 09:30:00','2025-10-26 10:30:00'),
(2026,4,6,0,'2025-10-26 11:00:00','2025-10-26 14:00:00'),
(2027,3,3,0,'2025-10-27 09:30:00','2025-10-27 10:30:00'),
(2027,4,5,0,'2025-10-27 11:00:00','2025-10-27 14:00:00'),
(2028,3,4,0,'2025-10-28 09:30:00','2025-10-28 10:30:00'),
(2028,4,6,0,'2025-10-28 11:00:00','2025-10-28 14:00:00'),
(2029,3,3,0,'2025-10-29 09:30:00','2025-10-29 10:30:00'),
(2029,4,5,0,'2025-10-29 11:00:00','2025-10-29 14:00:00'),
(2030,3,4,0,'2025-10-30 09:30:00','2025-10-30 10:30:00'),
(2030,4,6,0,'2025-10-30 11:00:00','2025-10-30 14:00:00'),
(2031,3,3,0,'2025-10-31 09:30:00','2025-10-31 10:30:00'),
(2031,4,5,0,'2025-10-31 11:00:00','2025-10-31 14:00:00'),
(2032,3,4,0,'2025-11-01 09:30:00','2025-11-01 10:30:00'),
(2032,4,6,0,'2025-11-01 11:00:00','2025-11-01 14:00:00'),
(2033,3,3,0,'2025-11-02 09:30:00','2025-11-02 10:30:00'),
(2033,4,5,0,'2025-11-02 11:00:00','2025-11-02 14:00:00'),
(2034,3,4,0,'2025-11-03 09:30:00','2025-11-03 10:30:00'),
(2034,4,6,0,'2025-11-03 11:00:00','2025-11-03 14:00:00'),
(2035,3,3,0,'2025-11-04 09:30:00','2025-11-04 10:30:00'),
(2035,4,5,0,'2025-11-04 11:00:00','2025-11-04 14:00:00'),
(2036,3,4,0,'2025-11-05 09:30:00','2025-11-05 10:30:00'),
(2036,4,6,0,'2025-11-05 11:00:00','2025-11-05 14:00:00'),
(2037,3,3,0,'2025-11-06 09:30:00','2025-11-06 10:30:00'),
(2037,4,5,0,'2025-11-06 11:00:00','2025-11-06 14:00:00'),
(2038,3,4,0,'2025-11-07 09:30:00','2025-11-07 10:30:00'),
(2038,4,6,0,'2025-11-07 11:00:00','2025-11-07 14:00:00'),
(2039,3,3,0,'2025-11-08 09:30:00','2025-11-08 10:30:00'),
(2039,4,5,0,'2025-11-08 11:00:00','2025-11-08 14:00:00'),
(2040,3,4,0,'2025-11-09 09:30:00','2025-11-09 10:30:00'),
(2040,4,6,0,'2025-11-09 11:00:00','2025-11-09 14:00:00'),
(2041,3,3,0,'2025-11-10 09:30:00','2025-11-10 10:30:00'),
(2041,4,5,0,'2025-11-10 11:00:00','2025-11-10 14:00:00'),
(2042,3,4,0,'2025-11-11 09:30:00','2025-11-11 10:30:00'),
(2042,4,6,0,'2025-11-11 11:00:00','2025-11-11 14:00:00'),
(2043,3,3,0,'2025-11-12 09:30:00','2025-11-12 10:30:00'),
(2043,4,5,0,'2025-11-12 11:00:00','2025-11-12 14:00:00'),
(2044,3,4,0,'2025-11-13 09:30:00','2025-11-13 10:30:00'),
(2044,4,6,0,'2025-11-13 11:00:00','2025-11-13 14:00:00'),
(2045,3,3,0,'2025-11-14 09:30:00','2025-11-14 10:30:00'),
(2045,4,5,0,'2025-11-14 11:00:00','2025-11-14 14:00:00'),
(2046,3,4,0,'2025-11-15 09:30:00','2025-11-15 10:30:00'),
(2046,4,6,0,'2025-11-15 11:00:00','2025-11-15 14:00:00'),
(2047,3,3,0,'2025-11-16 09:30:00','2025-11-16 10:30:00'),
(2047,4,5,0,'2025-11-16 11:00:00','2025-11-16 14:00:00'),
(2048,3,4,0,'2025-11-17 09:30:00','2025-11-17 10:30:00'),
(2048,4,6,0,'2025-11-17 11:00:00','2025-11-17 14:00:00'),
(2049,3,3,0,'2025-11-18 09:30:00','2025-11-18 10:30:00'),
(2049,4,5,0,'2025-11-18 11:00:00','2025-11-18 14:00:00'),
(2050,3,4,0,'2025-11-19 09:30:00','2025-11-19 10:30:00'),
(2050,4,6,0,'2025-11-19 11:00:00','2025-11-19 14:00:00'),
(2051,3,3,0,'2025-11-20 09:30:00','2025-11-20 10:30:00'),
(2051,4,5,0,'2025-11-20 11:00:00','2025-11-20 14:00:00'),
(2052,3,4,0,'2025-11-21 09:30:00','2025-11-21 10:30:00'),
(2052,4,6,0,'2025-11-21 11:00:00','2025-11-21 14:00:00'),
(2053,3,3,0,'2025-11-22 09:30:00','2025-11-22 10:30:00'),
(2053,4,5,0,'2025-11-22 11:00:00','2025-11-22 14:00:00'),
(2054,3,4,0,'2025-11-23 09:30:00','2025-11-23 10:30:00'),
(2054,4,6,0,'2025-11-23 11:00:00','2025-11-23 14:00:00'),
(2055,3,3,0,'2025-11-24 09:30:00','2025-11-24 10:30:00'),
(2055,4,5,0,'2025-11-24 11:00:00','2025-11-24 14:00:00'),
(2056,3,4,0,'2025-11-25 09:30:00','2025-11-25 10:30:00'),
(2056,4,6,0,'2025-11-25 11:00:00','2025-11-25 14:00:00'),
(2057,3,3,0,'2025-11-26 09:30:00','2025-11-26 10:30:00'),
(2057,4,5,0,'2025-11-26 11:00:00','2025-11-26 14:00:00'),
(2058,3,4,0,'2025-11-27 09:30:00','2025-11-27 10:30:00'),
(2058,4,6,0,'2025-11-27 11:00:00','2025-11-27 14:00:00'),
(2059,3,3,0,'2025-11-28 09:30:00','2025-11-28 10:30:00'),
(2059,4,5,0,'2025-11-28 11:00:00','2025-11-28 14:00:00'),
(2060,3,4,0,'2025-11-29 09:30:00','2025-11-29 10:30:00'),
(2060,4,6,0,'2025-11-29 11:00:00','2025-11-29 14:00:00'),
(2061,3,3,0,'2025-11-30 09:30:00','2025-11-30 10:30:00'),
(2061,4,5,0,'2025-11-30 11:00:00','2025-11-30 14:00:00'),
(2062,3,4,0,'2025-12-01 09:30:00','2025-12-01 10:30:00'),
(2062,4,6,0,'2025-12-01 11:00:00','2025-12-01 14:00:00'),
(2063,3,3,0,'2025-12-02 09:30:00','2025-12-02 10:30:00'),
(2063,4,5,0,'2025-12-02 11:00:00','2025-12-02 14:00:00'),
(2064,3,4,0,'2025-12-03 09:30:00','2025-12-03 10:30:00'),
(2064,4,6,0,'2025-12-03 11:00:00','2025-12-03 14:00:00'),
(2065,3,3,0,'2025-12-04 09:30:00','2025-12-04 10:30:00'),
(2065,4,5,0,'2025-12-04 11:00:00','2025-12-04 14:00:00'),
(2066,3,4,0,'2025-12-05 09:30:00','2025-12-05 10:30:00'),
(2066,4,6,0,'2025-12-05 11:00:00','2025-12-05 14:00:00'),
(2067,3,3,0,'2025-12-06 09:30:00','2025-12-06 10:30:00'),
(2067,4,5,0,'2025-12-06 11:00:00','2025-12-06 14:00:00'),
(2068,3,4,0,'2025-12-07 09:30:00','2025-12-07 10:30:00'),
(2068,4,6,0,'2025-12-07 11:00:00','2025-12-07 14:00:00'),
(2069,3,3,0,'2025-12-08 09:30:00','2025-12-08 10:30:00'),
(2069,4,5,0,'2025-12-08 11:00:00','2025-12-08 14:00:00'),
(2070,3,4,0,'2025-12-09 09:30:00','2025-12-09 10:30:00'),
(2070,4,6,0,'2025-12-09 11:00:00','2025-12-09 14:00:00'),
(2071,3,3,0,'2025-12-10 09:30:00','2025-12-10 10:30:00'),
(2071,4,5,0,'2025-12-10 11:00:00','2025-12-10 14:00:00'),
(2072,3,4,0,'2025-12-11 09:30:00','2025-12-11 10:30:00'),
(2072,4,6,0,'2025-12-11 11:00:00','2025-12-11 14:00:00'),
(2073,3,3,0,'2025-12-12 09:30:00','2025-12-12 10:30:00'),
(2073,4,5,0,'2025-12-12 11:00:00','2025-12-12 14:00:00'),
(2074,3,4,0,'2025-12-13 09:30:00','2025-12-13 10:30:00'),
(2074,4,6,0,'2025-12-13 11:00:00','2025-12-13 14:00:00'),
(2075,3,3,0,'2025-12-14 09:30:00','2025-12-14 10:30:00'),
(2075,4,5,0,'2025-12-14 11:00:00','2025-12-14 14:00:00'),
(2076,3,4,0,'2025-12-15 09:30:00','2025-12-15 10:30:00'),
(2076,4,6,0,'2025-12-15 11:00:00','2025-12-15 14:00:00'),
(2077,3,3,0,'2025-12-16 09:30:00','2025-12-16 10:30:00'),
(2077,4,5,0,'2025-12-16 11:00:00','2025-12-16 14:00:00'),
(2078,3,4,0,'2025-12-17 09:30:00','2025-12-17 10:30:00'),
(2078,4,6,0,'2025-12-17 11:00:00','2025-12-17 14:00:00'),
(2079,3,3,0,'2025-12-18 09:30:00','2025-12-18 10:30:00'),
(2079,4,5,0,'2025-12-18 11:00:00','2025-12-18 14:00:00'),
(2080,3,4,0,'2025-12-19 09:30:00','2025-12-19 10:30:00'),
(2080,4,6,0,'2025-12-19 11:00:00','2025-12-19 14:00:00'),
(2081,3,3,0,'2025-12-20 09:30:00','2025-12-20 10:30:00'),
(2081,4,5,0,'2025-12-20 11:00:00','2025-12-20 14:00:00'),
(2082,3,4,0,'2025-12-21 09:30:00','2025-12-21 10:30:00'),
(2082,4,6,0,'2025-12-21 11:00:00','2025-12-21 14:00:00'),
(2083,3,3,0,'2025-12-22 09:30:00','2025-12-22 10:30:00'),
(2083,4,5,0,'2025-12-22 11:00:00','2025-12-22 14:00:00'),
(2084,3,4,0,'2025-12-23 09:30:00','2025-12-23 10:30:00'),
(2084,4,6,0,'2025-12-23 11:00:00','2025-12-23 14:00:00'),
(2085,3,3,0,'2025-12-24 09:30:00','2025-12-24 10:30:00'),
(2085,4,5,0,'2025-12-24 11:00:00','2025-12-24 14:00:00'),
(2086,3,4,0,'2025-12-25 09:30:00','2025-12-25 10:30:00'),
(2086,4,6,0,'2025-12-25 11:00:00','2025-12-25 14:00:00'),
(2087,3,3,0,'2025-12-26 09:30:00','2025-12-26 10:30:00'),
(2087,4,5,0,'2025-12-26 11:00:00','2025-12-26 14:00:00'),
(2088,3,4,0,'2025-12-27 09:30:00','2025-12-27 10:30:00'),
(2088,4,6,0,'2025-12-27 11:00:00','2025-12-27 14:00:00'),
(2089,3,3,0,'2025-12-28 09:30:00','2025-12-28 10:30:00'),
(2089,4,5,0,'2025-12-28 11:00:00','2025-12-28 14:00:00'),
(2090,3,4,0,'2025-12-29 09:30:00','2025-12-29 10:30:00'),
(2090,4,6,0,'2025-12-29 11:00:00','2025-12-29 14:00:00'),
(2091,3,3,0,'2025-12-30 09:30:00','2025-12-30 10:30:00'),
(2091,4,5,0,'2025-12-30 11:00:00','2025-12-30 14:00:00'),
(2092,3,4,0,'2025-12-31 09:30:00','2025-12-31 10:30:00'),
(2092,4,6,0,'2025-12-31 11:00:00','2025-12-31 14:00:00'),
(2093,3,3,0,'2026-01-01 09:30:00','2026-01-01 10:30:00'),
(2093,4,5,0,'2026-01-01 11:00:00','2026-01-01 14:00:00'),
(2094,3,4,0,'2026-01-02 09:30:00','2026-01-02 10:30:00'),
(2094,4,6,0,'2026-01-02 11:00:00','2026-01-02 14:00:00'),
(2095,3,3,0,'2026-01-03 09:30:00','2026-01-03 10:30:00'),
(2095,4,5,0,'2026-01-03 11:00:00','2026-01-03 14:00:00'),
(2096,3,4,0,'2026-01-04 09:30:00','2026-01-04 10:30:00'),
(2096,4,6,0,'2026-01-04 11:00:00','2026-01-04 14:00:00'),
(2097,3,3,0,'2026-01-05 09:30:00','2026-01-05 10:30:00'),
(2097,4,5,0,'2026-01-05 11:00:00','2026-01-05 14:00:00'),
(2098,3,4,0,'2026-01-06 09:30:00','2026-01-06 10:30:00'),
(2098,4,6,0,'2026-01-06 11:00:00','2026-01-06 14:00:00'),
(2099,3,3,0,'2026-01-07 09:30:00','2026-01-07 10:30:00'),
(2099,4,5,0,'2026-01-07 11:00:00','2026-01-07 14:00:00'),
(2100,3,4,0,'2026-01-08 09:30:00','2026-01-08 10:30:00'),
(2100,4,6,0,'2026-01-08 11:00:00','2026-01-08 14:00:00');
/*!40000 ALTER TABLE `order_assignments` ENABLE KEYS */;
UNLOCK TABLES;

LOCK TABLES `order_status_history` WRITE;
/*!40000 ALTER TABLE `order_status_history` DISABLE KEYS */;
INSERT INTO `order_status_history` (order_id,oldStatusId,newStatusId,changed_by,note,changed_at) VALUES
(2001,1,2,3,NULL,'2025-10-01 09:20:00'),
(2001,2,6,3,'Ready for pickup after 16:00','2025-10-01 10:20:00'),
(2001,6,3,5,NULL,'2025-10-01 11:10:00'),
(2001,3,4,5,'Left at reception','2025-10-01 14:10:00'),
(2002,1,2,4,NULL,'2025-10-02 09:20:00'),
(2002,2,6,4,NULL,'2025-10-02 10:20:00'),
(2002,6,3,6,NULL,'2025-10-02 11:10:00'),
(2002,3,4,6,NULL,'2025-10-02 14:10:00'),
(2003,1,2,3,NULL,'2025-10-03 09:20:00'),
(2003,2,6,3,NULL,'2025-10-03 10:20:00'),
(2003,6,3,5,NULL,'2025-10-03 11:10:00'),
(2003,3,4,5,NULL,'2025-10-03 14:10:00'),
(2004,1,2,4,NULL,'2025-10-04 09:20:00'),
(2004,2,6,4,NULL,'2025-10-04 10:20:00'),
(2004,6,3,6,NULL,'2025-10-04 11:10:00'),
(2004,3,4,6,NULL,'2025-10-04 14:10:00'),
(2005,1,2,3,NULL,'2025-10-05 09:20:00'),
(2005,2,6,3,NULL,'2025-10-05 10:20:00'),
(2005,6,3,5,NULL,'2025-10-05 11:10:00'),
(2005,3,4,5,NULL,'2025-10-05 14:10:00'),
(2006,1,2,4,NULL,'2025-10-06 09:20:00'),
(2006,2,6,4,'Ready for pickup after 16:00','2025-10-06 10:20:00'),
(2006,6,3,6,NULL,'2025-10-06 11:10:00'),
(2006,3,4,6,NULL,'2025-10-06 14:10:00'),
(2007,1,2,3,NULL,'2025-10-07 09:20:00'),
(2007,2,6,3,NULL,'2025-10-07 10:20:00'),
(2007,6,3,5,NULL,'2025-10-07 11:10:00'),
(2007,3,4,5,'Left at reception','2025-10-07 14:10:00'),
(2008,1,2,4,NULL,'2025-10-08 09:20:00'),
(2008,2,6,4,NULL,'2025-10-08 10:20:00'),
(2008,6,3,6,NULL,'2025-10-08 11:10:00'),
(2008,3,4,6,NULL,'2025-10-08 14:10:00'),
(2009,1,2,3,NULL,'2025-10-09 09:20:00'),
(2009,2,6,3,NULL,'2025-10-09 10:20:00'),
(2009,6,3,5,NULL,'2025-10-09 11:10:00'),
(2009,3,4,5,NULL,'2025-10-09 14:10:00'),
(2010,1,2,4,NULL,'2025-10-10 09:20:00'),
(2010,2,6,4,NULL,'2025-10-10 10:20:00'),
(2010,6,3,6,NULL,'2025-10-10 11:10:00'),
(2010,3,4,6,NULL,'2025-10-10 14:10:00'),
(2011,1,2,3,NULL,'2025-10-11 09:20:00'),
(2011,2,6,3,'Ready for pickup after 16:00','2025-10-11 10:20:00'),
(2011,6,3,5,NULL,'2025-10-11 11:10:00'),
(2011,3,4,5,NULL,'2025-10-11 14:10:00'),
(2012,1,2,4,NULL,'2025-10-12 09:20:00'),
(2012,2,6,4,NULL,'2025-10-12 10:20:00'),
(2012,6,3,6,NULL,'2025-10-12 11:10:00'),
(2012,3,4,6,NULL,'2025-10-12 14:10:00'),
(2013,1,2,3,NULL,'2025-10-13 09:20:00'),
(2013,2,6,3,NULL,'2025-10-13 10:20:00'),
(2013,6,3,5,NULL,'2025-10-13 11:10:00'),
(2013,3,4,5,'Left at reception','2025-10-13 14:10:00'),
(2014,1,2,4,NULL,'2025-10-14 09:20:00'),
(2014,2,6,4,NULL,'2025-10-14 10:20:00'),
(2014,6,3,6,NULL,'2025-10-14 11:10:00'),
(2014,3,4,6,NULL,'2025-10-14 14:10:00'),
(2015,1,2,3,NULL,'2025-10-15 09:20:00'),
(2015,2,6,3,NULL,'2025-10-15 10:20:00'),
(2015,6,3,5,NULL,'2025-10-15 11:10:00'),
(2015,3,4,5,NULL,'2025-10-15 14:10:00'),
(2016,1,2,4,NULL,'2025-10-16 09:20:00'),
(2016,2,6,4,'Ready for pickup after 16:00','2025-10-16 10:20:00'),
(2016,6,3,6,NULL,'2025-10-16 11:10:00'),
(2016,3,4,6,NULL,'2025-10-16 14:10:00'),
(2017,1,2,3,NULL,'2025-10-17 09:20:00'),
(2017,2,6,3,NULL,'2025-10-17 10:20:00'),
(2017,6,3,5,NULL,'2025-10-17 11:10:00'),
(2017,3,4,5,NULL,'2025-10-17 14:10:00'),
(2018,1,2,4,NULL,'2025-10-18 09:20:00'),
(2018,2,6,4,NULL,'2025-10-18 10:20:00'),
(2018,6,3,6,NULL,'2025-10-18 11:10:00'),
(2018,3,4,6,NULL,'2025-10-18 14:10:00'),
(2019,1,2,3,NULL,'2025-10-19 09:20:00'),
(2019,2,6,3,NULL,'2025-10-19 10:20:00'),
(2019,6,3,5,NULL,'2025-10-19 11:10:00'),
(2019,3,4,5,'Left at reception','2025-10-19 14:10:00'),
(2020,1,2,4,NULL,'2025-10-20 09:20:00'),
(2020,2,6,4,NULL,'2025-10-20 10:20:00'),
(2020,6,3,6,NULL,'2025-10-20 11:10:00'),
(2020,3,4,6,NULL,'2025-10-20 14:10:00'),
(2021,1,2,3,NULL,'2025-10-21 09:20:00'),
(2021,2,6,3,'Ready for pickup after 16:00','2025-10-21 10:20:00'),
(2021,6,3,5,NULL,'2025-10-21 11:10:00'),
(2021,3,4,5,NULL,'2025-10-21 14:10:00'),
(2022,1,2,4,NULL,'2025-10-22 09:20:00'),
(2022,2,6,4,NULL,'2025-10-22 10:20:00'),
(2022,6,3,6,NULL,'2025-10-22 11:10:00'),
(2022,3,4,6,NULL,'2025-10-22 14:10:00'),
(2023,1,2,3,NULL,'2025-10-23 09:20:00'),
(2023,2,6,3,NULL,'2025-10-23 10:20:00'),
(2023,6,3,5,NULL,'2025-10-23 11:10:00'),
(2023,3,4,5,NULL,'2025-10-23 14:10:00'),
(2024,1,2,4,NULL,'2025-10-24 09:20:00'),
(2024,2,6,4,NULL,'2025-10-24 10:20:00'),
(2024,6,3,6,NULL,'2025-10-24 11:10:00'),
(2024,3,4,6,NULL,'2025-10-24 14:10:00'),
(2025,1,2,3,NULL,'2025-10-25 09:20:00'),
(2025,2,6,3,NULL,'2025-10-25 10:20:00'),
(2025,6,3,5,NULL,'2025-10-25 11:10:00'),
(2025,3,4,5,'Left at reception','2025-10-25 14:10:00'),
(2026,1,2,4,NULL,'2025-10-26 09:20:00'),
(2026,2,6,4,'Ready for pickup after 16:00','2025-10-26 10:20:00'),
(2026,6,3,6,NULL,'2025-10-26 11:10:00'),
(2026,3,4,6,NULL,'2025-10-26 14:10:00'),
(2027,1,2,3,NULL,'2025-10-27 09:20:00'),
(2027,2,6,3,NULL,'2025-10-27 10:20:00'),
(2027,6,3,5,NULL,'2025-10-27 11:10:00'),
(2027,3,4,5,NULL,'2025-10-27 14:10:00'),
(2028,1,2,4,NULL,'2025-10-28 09:20:00'),
(2028,2,6,4,NULL,'2025-10-28 10:20:00'),
(2028,6,3,6,NULL,'2025-10-28 11:10:00'),
(2028,3,4,6,NULL,'2025-10-28 14:10:00'),
(2029,1,2,3,NULL,'2025-10-29 09:20:00'),
(2029,2,6,3,NULL,'2025-10-29 10:20:00'),
(2029,6,3,5,NULL,'2025-10-29 11:10:00'),
(2029,3,4,5,NULL,'2025-10-29 14:10:00'),
(2030,1,2,4,NULL,'2025-10-30 09:20:00'),
(2030,2,6,4,NULL,'2025-10-30 10:20:00'),
(2030,6,3,6,NULL,'2025-10-30 11:10:00'),
(2030,3,4,6,NULL,'2025-10-30 14:10:00'),
(2031,1,2,3,NULL,'2025-10-31 09:20:00'),
(2031,2,6,3,'Ready for pickup after 16:00','2025-10-31 10:20:00'),
(2031,6,3,5,NULL,'2025-10-31 11:10:00'),
(2031,3,4,5,'Left at reception','2025-10-31 14:10:00'),
(2032,1,2,4,NULL,'2025-11-01 09:20:00'),
(2032,2,6,4,NULL,'2025-11-01 10:20:00'),
(2032,6,3,6,NULL,'2025-11-01 11:10:00'),
(2032,3,4,6,NULL,'2025-11-01 14:10:00'),
(2033,1,2,3,NULL,'2025-11-02 09:20:00'),
(2033,2,6,3,NULL,'2025-11-02 10:20:00'),
(2033,6,3,5,NULL,'2025-11-02 11:10:00'),
(2033,3,4,5,NULL,'2025-11-02 14:10:00'),
(2034,1,2,4,NULL,'2025-11-03 09:20:00'),
(2034,2,6,4,NULL,'2025-11-03 10:20:00'),
(2034,6,3,6,NULL,'2025-11-03 11:10:00'),
(2034,3,4,6,NULL,'2025-11-03 14:10:00'),
(2035,1,2,3,NULL,'2025-11-04 09:20:00'),
(2035,2,6,3,NULL,'2025-11-04 10:20:00'),
(2035,6,3,5,NULL,'2025-11-04 11:10:00'),
(2035,3,4,5,NULL,'2025-11-04 14:10:00'),
(2036,1,2,4,NULL,'2025-11-05 09:20:00'),
(2036,2,6,4,'Ready for pickup after 16:00','2025-11-05 10:20:00'),
(2036,6,3,6,NULL,'2025-11-05 11:10:00'),
(2036,3,4,6,NULL,'2025-11-05 14:10:00'),
(2037,1,2,3,NULL,'2025-11-06 09:20:00'),
(2037,2,6,3,NULL,'2025-11-06 10:20:00'),
(2037,6,3,5,NULL,'2025-11-06 11:10:00'),
(2037,3,4,5,'Left at reception','2025-11-06 14:10:00'),
(2038,1,2,4,NULL,'2025-11-07 09:20:00'),
(2038,2,6,4,NULL,'2025-11-07 10:20:00'),
(2038,6,3,6,NULL,'2025-11-07 11:10:00'),
(2038,3,4,6,NULL,'2025-11-07 14:10:00'),
(2039,1,2,3,NULL,'2025-11-08 09:20:00'),
(2039,2,6,3,NULL,'2025-11-08 10:20:00'),
(2039,6,3,5,NULL,'2025-11-08 11:10:00'),
(2039,3,4,5,NULL,'2025-11-08 14:10:00'),
(2040,1,2,4,NULL,'2025-11-09 09:20:00'),
(2040,2,6,4,NULL,'2025-11-09 10:20:00'),
(2040,6,3,6,NULL,'2025-11-09 11:10:00'),
(2040,3,4,6,NULL,'2025-11-09 14:10:00'),
(2041,1,2,3,NULL,'2025-11-10 09:20:00'),
(2041,2,6,3,'Ready for pickup after 16:00','2025-11-10 10:20:00'),
(2041,6,3,5,NULL,'2025-11-10 11:10:00'),
(2041,3,4,5,NULL,'2025-11-10 14:10:00'),
(2042,1,2,4,NULL,'2025-11-11 09:20:00'),
(2042,2,6,4,NULL,'2025-11-11 10:20:00'),
(2042,6,3,6,NULL,'2025-11-11 11:10:00'),
(2042,3,4,6,NULL,'2025-11-11 14:10:00'),
(2043,1,2,3,NULL,'2025-11-12 09:20:00'),
(2043,2,6,3,NULL,'2025-11-12 10:20:00'),
(2043,6,3,5,NULL,'2025-11-12 11:10:00'),
(2043,3,4,5,'Left at reception','2025-11-12 14:10:00'),
(2044,1,2,4,NULL,'2025-11-13 09:20:00'),
(2044,2,6,4,NULL,'2025-11-13 10:20:00'),
(2044,6,3,6,NULL,'2025-11-13 11:10:00'),
(2044,3,4,6,NULL,'2025-11-13 14:10:00'),
(2045,1,2,3,NULL,'2025-11-14 09:20:00'),
(2045,2,6,3,NULL,'2025-11-14 10:20:00'),
(2045,6,3,5,NULL,'2025-11-14 11:10:00'),
(2045,3,4,5,NULL,'2025-11-14 14:10:00'),
(2046,1,2,4,NULL,'2025-11-15 09:20:00'),
(2046,2,6,4,'Ready for pickup after 16:00','2025-11-15 10:20:00'),
(2046,6,3,6,NULL,'2025-11-15 11:10:00'),
(2046,3,4,6,NULL,'2025-11-15 14:10:00'),
(2047,1,2,3,NULL,'2025-11-16 09:20:00'),
(2047,2,6,3,NULL,'2025-11-16 10:20:00'),
(2047,6,3,5,NULL,'2025-11-16 11:10:00'),
(2047,3,4,5,NULL,'2025-11-16 14:10:00'),
(2048,1,2,4,NULL,'2025-11-17 09:20:00'),
(2048,2,6,4,NULL,'2025-11-17 10:20:00'),
(2048,6,3,6,NULL,'2025-11-17 11:10:00'),
(2048,3,4,6,NULL,'2025-11-17 14:10:00'),
(2049,1,2,3,NULL,'2025-11-18 09:20:00'),
(2049,2,6,3,NULL,'2025-11-18 10:20:00'),
(2049,6,3,5,NULL,'2025-11-18 11:10:00'),
(2049,3,4,5,'Left at reception','2025-11-18 14:10:00'),
(2050,1,2,4,NULL,'2025-11-19 09:20:00'),
(2050,2,6,4,NULL,'2025-11-19 10:20:00'),
(2050,6,3,6,NULL,'2025-11-19 11:10:00'),
(2050,3,4,6,NULL,'2025-11-19 14:10:00'),
(2051,1,2,3,NULL,'2025-11-20 09:20:00'),
(2051,2,6,3,'Ready for pickup after 16:00','2025-11-20 10:20:00'),
(2051,6,3,5,NULL,'2025-11-20 11:10:00'),
(2051,3,4,5,NULL,'2025-11-20 14:10:00'),
(2052,1,2,4,NULL,'2025-11-21 09:20:00'),
(2052,2,6,4,NULL,'2025-11-21 10:20:00'),
(2052,6,3,6,NULL,'2025-11-21 11:10:00'),
(2052,3,4,6,NULL,'2025-11-21 14:10:00'),
(2053,1,2,3,NULL,'2025-11-22 09:20:00'),
(2053,2,6,3,NULL,'2025-11-22 10:20:00'),
(2053,6,3,5,NULL,'2025-11-22 11:10:00'),
(2053,3,4,5,NULL,'2025-11-22 14:10:00'),
(2054,1,2,4,NULL,'2025-11-23 09:20:00'),
(2054,2,6,4,NULL,'2025-11-23 10:20:00'),
(2054,6,3,6,NULL,'2025-11-23 11:10:00'),
(2054,3,4,6,NULL,'2025-11-23 14:10:00'),
(2055,1,2,3,NULL,'2025-11-24 09:20:00'),
(2055,2,6,3,NULL,'2025-11-24 10:20:00'),
(2055,6,3,5,NULL,'2025-11-24 11:10:00'),
(2055,3,4,5,'Left at reception','2025-11-24 14:10:00'),
(2056,1,2,4,NULL,'2025-11-25 09:20:00'),
(2056,2,6,4,'Ready for pickup after 16:00','2025-11-25 10:20:00'),
(2056,6,3,6,NULL,'2025-11-25 11:10:00'),
(2056,3,4,6,NULL,'2025-11-25 14:10:00'),
(2057,1,2,3,NULL,'2025-11-26 09:20:00'),
(2057,2,6,3,NULL,'2025-11-26 10:20:00'),
(2057,6,3,5,NULL,'2025-11-26 11:10:00'),
(2057,3,4,5,NULL,'2025-11-26 14:10:00'),
(2058,1,2,4,NULL,'2025-11-27 09:20:00'),
(2058,2,6,4,NULL,'2025-11-27 10:20:00'),
(2058,6,3,6,NULL,'2025-11-27 11:10:00'),
(2058,3,4,6,NULL,'2025-11-27 14:10:00'),
(2059,1,2,3,NULL,'2025-11-28 09:20:00'),
(2059,2,6,3,NULL,'2025-11-28 10:20:00'),
(2059,6,3,5,NULL,'2025-11-28 11:10:00'),
(2059,3,4,5,NULL,'2025-11-28 14:10:00'),
(2060,1,2,4,NULL,'2025-11-29 09:20:00'),
(2060,2,6,4,NULL,'2025-11-29 10:20:00'),
(2060,6,3,6,NULL,'2025-11-29 11:10:00'),
(2060,3,4,6,NULL,'2025-11-29 14:10:00'),
(2061,1,2,3,NULL,'2025-11-30 09:20:00'),
(2061,2,6,3,'Ready for pickup after 16:00','2025-11-30 10:20:00'),
(2061,6,3,5,NULL,'2025-11-30 11:10:00'),
(2061,3,4,5,'Left at reception','2025-11-30 14:10:00'),
(2062,1,2,4,NULL,'2025-12-01 09:20:00'),
(2062,2,6,4,NULL,'2025-12-01 10:20:00'),
(2062,6,3,6,NULL,'2025-12-01 11:10:00'),
(2062,3,4,6,NULL,'2025-12-01 14:10:00'),
(2063,1,2,3,NULL,'2025-12-02 09:20:00'),
(2063,2,6,3,NULL,'2025-12-02 10:20:00'),
(2063,6,3,5,NULL,'2025-12-02 11:10:00'),
(2063,3,4,5,NULL,'2025-12-02 14:10:00'),
(2064,1,2,4,NULL,'2025-12-03 09:20:00'),
(2064,2,6,4,NULL,'2025-12-03 10:20:00'),
(2064,6,3,6,NULL,'2025-12-03 11:10:00'),
(2064,3,4,6,NULL,'2025-12-03 14:10:00'),
(2065,1,2,3,NULL,'2025-12-04 09:20:00'),
(2065,2,6,3,NULL,'2025-12-04 10:20:00'),
(2065,6,3,5,NULL,'2025-12-04 11:10:00'),
(2065,3,4,5,NULL,'2025-12-04 14:10:00'),
(2066,1,2,4,NULL,'2025-12-05 09:20:00'),
(2066,2,6,4,'Ready for pickup after 16:00','2025-12-05 10:20:00'),
(2066,6,3,6,NULL,'2025-12-05 11:10:00'),
(2066,3,4,6,NULL,'2025-12-05 14:10:00'),
(2067,1,2,3,NULL,'2025-12-06 09:20:00'),
(2067,2,6,3,NULL,'2025-12-06 10:20:00'),
(2067,6,3,5,NULL,'2025-12-06 11:10:00'),
(2067,3,4,5,'Left at reception','2025-12-06 14:10:00'),
(2068,1,2,4,NULL,'2025-12-07 09:20:00'),
(2068,2,6,4,NULL,'2025-12-07 10:20:00'),
(2068,6,3,6,NULL,'2025-12-07 11:10:00'),
(2068,3,4,6,NULL,'2025-12-07 14:10:00'),
(2069,1,2,3,NULL,'2025-12-08 09:20:00'),
(2069,2,6,3,NULL,'2025-12-08 10:20:00'),
(2069,6,3,5,NULL,'2025-12-08 11:10:00'),
(2069,3,4,5,NULL,'2025-12-08 14:10:00'),
(2070,1,2,4,NULL,'2025-12-09 09:20:00'),
(2070,2,6,4,NULL,'2025-12-09 10:20:00'),
(2070,6,3,6,NULL,'2025-12-09 11:10:00'),
(2070,3,4,6,NULL,'2025-12-09 14:10:00'),
(2071,1,2,3,NULL,'2025-12-10 09:20:00'),
(2071,2,6,3,'Ready for pickup after 16:00','2025-12-10 10:20:00'),
(2071,6,3,5,NULL,'2025-12-10 11:10:00'),
(2071,3,4,5,NULL,'2025-12-10 14:10:00'),
(2072,1,2,4,NULL,'2025-12-11 09:20:00'),
(2072,2,6,4,NULL,'2025-12-11 10:20:00'),
(2072,6,3,6,NULL,'2025-12-11 11:10:00'),
(2072,3,4,6,NULL,'2025-12-11 14:10:00'),
(2073,1,2,3,NULL,'2025-12-12 09:20:00'),
(2073,2,6,3,NULL,'2025-12-12 10:20:00'),
(2073,6,3,5,NULL,'2025-12-12 11:10:00'),
(2073,3,4,5,'Left at reception','2025-12-12 14:10:00'),
(2074,1,2,4,NULL,'2025-12-13 09:20:00'),
(2074,2,6,4,NULL,'2025-12-13 10:20:00'),
(2074,6,3,6,NULL,'2025-12-13 11:10:00'),
(2074,3,4,6,NULL,'2025-12-13 14:10:00'),
(2075,1,2,3,NULL,'2025-12-14 09:20:00'),
(2075,2,6,3,NULL,'2025-12-14 10:20:00'),
(2075,6,3,5,NULL,'2025-12-14 11:10:00'),
(2075,3,4,5,NULL,'2025-12-14 14:10:00'),
(2076,1,2,4,NULL,'2025-12-15 09:20:00'),
(2076,2,6,4,'Ready for pickup after 16:00','2025-12-15 10:20:00'),
(2076,6,3,6,NULL,'2025-12-15 11:10:00'),
(2076,3,4,6,NULL,'2025-12-15 14:10:00'),
(2077,1,2,3,NULL,'2025-12-16 09:20:00'),
(2077,2,6,3,NULL,'2025-12-16 10:20:00'),
(2077,6,3,5,NULL,'2025-12-16 11:10:00'),
(2077,3,4,5,NULL,'2025-12-16 14:10:00'),
(2078,1,2,4,NULL,'2025-12-17 09:20:00'),
(2078,2,6,4,NULL,'2025-12-17 10:20:00'),
(2078,6,3,6,NULL,'2025-12-17 11:10:00'),
(2078,3,4,6,NULL,'2025-12-17 14:10:00'),
(2079,1,2,3,NULL,'2025-12-18 09:20:00'),
(2079,2,6,3,NULL,'2025-12-18 10:20:00'),
(2079,6,3,5,NULL,'2025-12-18 11:10:00'),
(2079,3,4,5,'Left at reception','2025-12-18 14:10:00'),
(2080,1,2,4,NULL,'2025-12-19 09:20:00'),
(2080,2,6,4,NULL,'2025-12-19 10:20:00'),
(2080,6,3,6,NULL,'2025-12-19 11:10:00'),
(2080,3,4,6,NULL,'2025-12-19 14:10:00'),
(2081,1,2,3,NULL,'2025-12-20 09:20:00'),
(2081,2,6,3,'Ready for pickup after 16:00','2025-12-20 10:20:00'),
(2081,6,3,5,NULL,'2025-12-20 11:10:00'),
(2081,3,4,5,NULL,'2025-12-20 14:10:00'),
(2082,1,2,4,NULL,'2025-12-21 09:20:00'),
(2082,2,6,4,NULL,'2025-12-21 10:20:00'),
(2082,6,3,6,NULL,'2025-12-21 11:10:00'),
(2082,3,4,6,NULL,'2025-12-21 14:10:00'),
(2083,1,2,3,NULL,'2025-12-22 09:20:00'),
(2083,2,6,3,NULL,'2025-12-22 10:20:00'),
(2083,6,3,5,NULL,'2025-12-22 11:10:00'),
(2083,3,4,5,NULL,'2025-12-22 14:10:00'),
(2084,1,2,4,NULL,'2025-12-23 09:20:00'),
(2084,2,6,4,NULL,'2025-12-23 10:20:00'),
(2084,6,3,6,NULL,'2025-12-23 11:10:00'),
(2084,3,4,6,NULL,'2025-12-23 14:10:00'),
(2085,1,2,3,NULL,'2025-12-24 09:20:00'),
(2085,2,6,3,NULL,'2025-12-24 10:20:00'),
(2085,6,3,5,NULL,'2025-12-24 11:10:00'),
(2085,3,4,5,'Left at reception','2025-12-24 14:10:00'),
(2086,1,2,4,NULL,'2025-12-25 09:20:00'),
(2086,2,6,4,'Ready for pickup after 16:00','2025-12-25 10:20:00'),
(2086,6,3,6,NULL,'2025-12-25 11:10:00'),
(2086,3,4,6,NULL,'2025-12-25 14:10:00'),
(2087,1,2,3,NULL,'2025-12-26 09:20:00'),
(2087,2,6,3,NULL,'2025-12-26 10:20:00'),
(2087,6,3,5,NULL,'2025-12-26 11:10:00'),
(2087,3,4,5,NULL,'2025-12-26 14:10:00'),
(2088,1,2,4,NULL,'2025-12-27 09:20:00'),
(2088,2,6,4,NULL,'2025-12-27 10:20:00'),
(2088,6,3,6,NULL,'2025-12-27 11:10:00'),
(2088,3,4,6,NULL,'2025-12-27 14:10:00'),
(2089,1,2,3,NULL,'2025-12-28 09:20:00'),
(2089,2,6,3,NULL,'2025-12-28 10:20:00'),
(2089,6,3,5,NULL,'2025-12-28 11:10:00'),
(2089,3,4,5,NULL,'2025-12-28 14:10:00'),
(2090,1,2,4,NULL,'2025-12-29 09:20:00'),
(2090,2,6,4,NULL,'2025-12-29 10:20:00'),
(2090,6,3,6,NULL,'2025-12-29 11:10:00'),
(2090,3,4,6,NULL,'2025-12-29 14:10:00'),
(2091,1,2,3,NULL,'2025-12-30 09:20:00'),
(2091,2,6,3,'Ready for pickup after 16:00','2025-12-30 10:20:00'),
(2091,6,3,5,NULL,'2025-12-30 11:10:00'),
(2091,3,4,5,'Left at reception','2025-12-30 14:10:00'),
(2092,1,2,4,NULL,'2025-12-31 09:20:00'),
(2092,2,6,4,NULL,'2025-12-31 10:20:00'),
(2092,6,3,6,NULL,'2025-12-31 11:10:00'),
(2092,3,4,6,NULL,'2025-12-31 14:10:00'),
(2093,1,2,3,NULL,'2026-01-01 09:20:00'),
(2093,2,6,3,NULL,'2026-01-01 10:20:00'),
(2093,6,3,5,NULL,'2026-01-01 11:10:00'),
(2093,3,4,5,NULL,'2026-01-01 14:10:00'),
(2094,1,2,4,NULL,'2026-01-02 09:20:00'),
(2094,2,6,4,NULL,'2026-01-02 10:20:00'),
(2094,6,3,6,NULL,'2026-01-02 11:10:00'),
(2094,3,4,6,NULL,'2026-01-02 14:10:00'),
(2095,1,2,3,NULL,'2026-01-03 09:20:00'),
(2095,2,6,3,NULL,'2026-01-03 10:20:00'),
(2095,6,3,5,NULL,'2026-01-03 11:10:00'),
(2095,3,4,5,NULL,'2026-01-03 14:10:00'),
(2096,1,2,4,NULL,'2026-01-04 09:20:00'),
(2096,2,6,4,'Ready for pickup after 16:00','2026-01-04 10:20:00'),
(2096,6,3,6,NULL,'2026-01-04 11:10:00'),
(2096,3,4,6,NULL,'2026-01-04 14:10:00'),
(2097,1,2,3,NULL,'2026-01-05 09:20:00'),
(2097,2,6,3,NULL,'2026-01-05 10:20:00'),
(2097,6,3,5,NULL,'2026-01-05 11:10:00'),
(2097,3,4,5,'Left at reception','2026-01-05 14:10:00'),
(2098,1,2,4,NULL,'2026-01-06 09:20:00'),
(2098,2,6,4,NULL,'2026-01-06 10:20:00'),
(2098,6,3,6,NULL,'2026-01-06 11:10:00'),
(2098,3,4,6,NULL,'2026-01-06 14:10:00'),
(2099,1,2,3,NULL,'2026-01-07 09:20:00'),
(2099,2,6,3,NULL,'2026-01-07 10:20:00'),
(2099,6,3,5,NULL,'2026-01-07 11:10:00'),
(2099,3,4,5,NULL,'2026-01-07 14:10:00'),
(2100,1,2,4,NULL,'2026-01-08 09:20:00'),
(2100,2,6,4,NULL,'2026-01-08 10:20:00'),
(2100,6,3,6,NULL,'2026-01-08 11:10:00'),
(2100,3,4,6,NULL,'2026-01-08 14:10:00');
/*!40000 ALTER TABLE `order_status_history` ENABLE KEYS */;
UNLOCK TABLES;
-- =====================
-- TEST DATA (CLIENT PASSWORD UPDATE)
-- =====================
UPDATE `users` SET `password` = '$2b$12$PKr9tMs8NmffJ7g4GfDG/OceDu/6ZeBrKVJdH9BSl.LMee.8OrcZS' WHERE id BETWEEN 1001 AND 1010;

-- =====================
-- TEST DATA (NON-FINISHED ORDERS)
-- =====================
LOCK TABLES `orders` WRITE;
/*!40000 ALTER TABLE `orders` DISABLE KEYS */;
INSERT INTO `orders` (id,user_id,statusId,comment_client,comment_internal,contact_name,delivery_address,delivery_phone,total_price_items,total_discount,total_final,courier_taken_at,delivered_at,canceled_reason,created_at,updated_at) VALUES
(2201,1001,1,NULL,NULL,'Andrei Popescu','001 Test St, Apt 1','+1 555-0101',669.00,0.00,669.00,NULL,NULL,NULL,'2026-01-10 09:00:00','2026-01-10 10:00:00'),
(2202,1002,1,NULL,NULL,'Ion Rusu','002 Test St, Apt 2','+1 555-0102',3752.00,0.00,3752.00,NULL,NULL,NULL,'2026-01-11 09:00:00','2026-01-11 10:00:00'),
(2203,1003,1,NULL,NULL,'Maria Ionescu','003 Test St, Apt 3','+1 555-0103',1294.00,0.00,1294.00,NULL,NULL,NULL,'2026-01-12 09:00:00','2026-01-12 10:00:00'),
(2204,1004,1,NULL,NULL,'Elena Ceban','004 Test St, Apt 4','+1 555-0104',4929.00,0.00,4929.00,NULL,NULL,NULL,'2026-01-13 09:00:00','2026-01-13 10:00:00'),
(2205,1005,2,NULL,NULL,'Victor Lungu','005 Test St, Apt 5','+1 555-0105',286.00,0.00,286.00,NULL,NULL,NULL,'2026-01-14 09:00:00','2026-01-14 10:00:00'),
(2206,1006,2,NULL,NULL,'Ana Moraru','006 Test St, Apt 6','+1 555-0106',1112.00,0.00,1112.00,NULL,NULL,NULL,'2026-01-15 09:00:00','2026-01-15 10:00:00'),
(2207,1007,2,NULL,NULL,'Sergiu Cojocaru','007 Test St, Apt 7','+1 555-0107',1965.00,0.00,1965.00,NULL,NULL,NULL,'2026-01-16 09:00:00','2026-01-16 10:00:00'),
(2208,1008,2,NULL,NULL,'Natalia Balan','008 Test St, Apt 8','+1 555-0108',500.53,0.00,500.53,NULL,NULL,NULL,'2026-01-17 09:00:00','2026-01-17 10:00:00'),
(2209,1009,6,NULL,NULL,'Mihai Rotaru','009 Test St, Apt 9','+1 555-0109',667.00,0.00,667.00,NULL,NULL,NULL,'2026-01-18 09:00:00','2026-01-18 10:00:00'),
(2210,1010,6,NULL,NULL,'Cristina Dima','010 Test St, Apt 10','+1 555-0110',2145.00,0.00,2145.00,NULL,NULL,NULL,'2026-01-19 09:00:00','2026-01-19 10:00:00'),
(2211,1001,6,NULL,NULL,'Andrei Popescu','011 Test St, Apt 11','+1 555-0101',634.00,0.00,634.00,NULL,NULL,NULL,'2026-01-20 09:00:00','2026-01-20 10:00:00'),
(2212,1002,6,NULL,NULL,'Ion Rusu','012 Test St, Apt 12','+1 555-0102',3508.00,0.00,3508.00,NULL,NULL,NULL,'2026-01-21 09:00:00','2026-01-21 10:00:00'),
(2213,1003,3,NULL,NULL,'Maria Ionescu','013 Test St, Apt 13','+1 555-0103',1227.00,0.00,1227.00,'2026-01-22 11:00:00',NULL,NULL,'2026-01-22 09:00:00','2026-01-22 10:00:00'),
(2214,1004,3,NULL,NULL,'Elena Ceban','014 Test St, Apt 14','+1 555-0104',2505.00,0.00,2505.00,'2026-01-23 11:00:00',NULL,NULL,'2026-01-23 09:00:00','2026-01-23 10:00:00'),
(2215,1005,3,NULL,NULL,'Victor Lungu','015 Test St, Apt 15','+1 555-0105',112.53,0.00,112.53,'2026-01-24 11:00:00',NULL,NULL,'2026-01-24 09:00:00','2026-01-24 10:00:00'),
(2216,1006,3,NULL,NULL,'Ana Moraru','016 Test St, Apt 16','+1 555-0106',1229.00,0.00,1229.00,'2026-01-25 11:00:00',NULL,NULL,'2026-01-25 09:00:00','2026-01-25 10:00:00'),
(2217,1007,5,NULL,NULL,'Sergiu Cojocaru','017 Test St, Apt 17','+1 555-0107',1320.00,0.00,1320.00,NULL,NULL,'Client requested cancellation','2026-01-26 09:00:00','2026-01-26 10:00:00'),
(2218,1008,5,NULL,NULL,'Natalia Balan','018 Test St, Apt 18','+1 555-0108',584.00,0.00,584.00,NULL,NULL,'Client requested cancellation','2026-01-27 09:00:00','2026-01-27 10:00:00'),
(2219,1009,5,NULL,NULL,'Mihai Rotaru','019 Test St, Apt 19','+1 555-0109',7085.00,0.00,7085.00,NULL,NULL,'Client requested cancellation','2026-01-28 09:00:00','2026-01-28 10:00:00'),
(2220,1010,5,NULL,NULL,'Cristina Dima','020 Test St, Apt 20','+1 555-0110',1294.00,0.00,1294.00,NULL,NULL,'Client requested cancellation','2026-01-29 09:00:00','2026-01-29 10:00:00');
/*!40000 ALTER TABLE `orders` ENABLE KEYS */;
UNLOCK TABLES;

LOCK TABLES `order_items` WRITE;
/*!40000 ALTER TABLE `order_items` DISABLE KEYS */;
INSERT INTO `order_items` (order_id,product_id,quantity,price_each,subtotal,created_at) VALUES
(2201,17,2,85.00,170.00,'2026-01-10 09:00:00'),
(2201,24,1,499.00,499.00,'2026-01-10 09:00:00'),
(2202,18,1,3333.00,3333.00,'2026-01-11 09:00:00'),
(2202,25,1,419.00,419.00,'2026-01-11 09:00:00'),
(2203,19,1,469.00,469.00,'2026-01-12 09:00:00'),
(2203,27,1,825.00,825.00,'2026-01-12 09:00:00'),
(2204,20,2,2190.00,4380.00,'2026-01-13 09:00:00'),
(2204,28,1,549.00,549.00,'2026-01-13 09:00:00'),
(2205,21,1,111.00,111.00,'2026-01-14 09:00:00'),
(2205,29,1,175.00,175.00,'2026-01-14 09:00:00'),
(2206,22,1,733.00,733.00,'2026-01-15 09:00:00'),
(2206,30,1,379.00,379.00,'2026-01-15 09:00:00'),
(2207,23,2,825.00,1650.00,'2026-01-16 09:00:00'),
(2207,31,1,315.00,315.00,'2026-01-16 09:00:00'),
(2208,24,1,499.00,499.00,'2026-01-17 09:00:00'),
(2208,32,1,1.53,1.53,'2026-01-17 09:00:00'),
(2209,25,1,419.00,419.00,'2026-01-18 09:00:00'),
(2209,33,1,248.00,248.00,'2026-01-18 09:00:00'),
(2210,27,2,825.00,1650.00,'2026-01-19 09:00:00'),
(2210,37,1,495.00,495.00,'2026-01-19 09:00:00'),
(2211,28,1,549.00,549.00,'2026-01-20 09:00:00'),
(2211,17,1,85.00,85.00,'2026-01-20 09:00:00'),
(2212,29,1,175.00,175.00,'2026-01-21 09:00:00'),
(2212,18,1,3333.00,3333.00,'2026-01-21 09:00:00'),
(2213,30,2,379.00,758.00,'2026-01-22 09:00:00'),
(2213,19,1,469.00,469.00,'2026-01-22 09:00:00'),
(2214,31,1,315.00,315.00,'2026-01-23 09:00:00'),
(2214,20,1,2190.00,2190.00,'2026-01-23 09:00:00'),
(2215,32,1,1.53,1.53,'2026-01-24 09:00:00'),
(2215,21,1,111.00,111.00,'2026-01-24 09:00:00'),
(2216,33,2,248.00,496.00,'2026-01-25 09:00:00'),
(2216,22,1,733.00,733.00,'2026-01-25 09:00:00'),
(2217,37,1,495.00,495.00,'2026-01-26 09:00:00'),
(2217,23,1,825.00,825.00,'2026-01-26 09:00:00'),
(2218,17,1,85.00,85.00,'2026-01-27 09:00:00'),
(2218,24,1,499.00,499.00,'2026-01-27 09:00:00'),
(2219,18,2,3333.00,6666.00,'2026-01-28 09:00:00'),
(2219,25,1,419.00,419.00,'2026-01-28 09:00:00'),
(2220,19,1,469.00,469.00,'2026-01-29 09:00:00'),
(2220,27,1,825.00,825.00,'2026-01-29 09:00:00');
/*!40000 ALTER TABLE `order_items` ENABLE KEYS */;
UNLOCK TABLES;

LOCK TABLES `order_assignments` WRITE;
/*!40000 ALTER TABLE `order_assignments` DISABLE KEYS */;
INSERT INTO `order_assignments` (order_id,user_role_id,user_id,active,assigned_at,unassigned_at) VALUES
(2205,3,3,1,'2026-01-14 09:15:00',NULL),
(2206,3,4,1,'2026-01-15 09:15:00',NULL),
(2207,3,3,1,'2026-01-16 09:15:00',NULL),
(2208,3,4,1,'2026-01-17 09:15:00',NULL),
(2209,3,3,1,'2026-01-18 09:15:00',NULL),
(2210,3,4,1,'2026-01-19 09:15:00',NULL),
(2211,3,3,1,'2026-01-20 09:15:00',NULL),
(2212,3,4,1,'2026-01-21 09:15:00',NULL),
(2213,3,3,0,'2026-01-22 09:15:00','2026-01-22 10:30:00'),
(2213,4,5,1,'2026-01-22 11:00:00',NULL),
(2214,3,4,0,'2026-01-23 09:15:00','2026-01-23 10:30:00'),
(2214,4,6,1,'2026-01-23 11:00:00',NULL),
(2215,3,3,0,'2026-01-24 09:15:00','2026-01-24 10:30:00'),
(2215,4,5,1,'2026-01-24 11:00:00',NULL),
(2216,3,4,0,'2026-01-25 09:15:00','2026-01-25 10:30:00'),
(2216,4,6,1,'2026-01-25 11:00:00',NULL);
/*!40000 ALTER TABLE `order_assignments` ENABLE KEYS */;
UNLOCK TABLES;

LOCK TABLES `order_status_history` WRITE;
/*!40000 ALTER TABLE `order_status_history` DISABLE KEYS */;
INSERT INTO `order_status_history` (order_id,oldStatusId,newStatusId,changed_by,note,changed_at) VALUES
(2205,1,2,3,NULL,'2026-01-14 09:20:00'),
(2206,1,2,4,NULL,'2026-01-15 09:20:00'),
(2207,1,2,3,NULL,'2026-01-16 09:20:00'),
(2208,1,2,4,NULL,'2026-01-17 09:20:00'),
(2209,1,2,3,NULL,'2026-01-18 09:20:00'),
(2209,2,6,3,'Ready for pickup after 16:00','2026-01-18 09:50:00'),
(2210,1,2,4,NULL,'2026-01-19 09:20:00'),
(2210,2,6,4,'Ready for pickup after 16:00','2026-01-19 09:50:00'),
(2211,1,2,3,NULL,'2026-01-20 09:20:00'),
(2211,2,6,3,'Ready for pickup after 16:00','2026-01-20 09:50:00'),
(2212,1,2,4,NULL,'2026-01-21 09:20:00'),
(2212,2,6,4,'Ready for pickup after 16:00','2026-01-21 09:50:00'),
(2213,1,2,3,NULL,'2026-01-22 09:20:00'),
(2213,2,6,3,'Ready for pickup after 16:00','2026-01-22 09:50:00'),
(2213,6,3,5,NULL,'2026-01-22 11:10:00'),
(2214,1,2,4,NULL,'2026-01-23 09:20:00'),
(2214,2,6,4,'Ready for pickup after 16:00','2026-01-23 09:50:00'),
(2214,6,3,6,NULL,'2026-01-23 11:10:00'),
(2215,1,2,3,NULL,'2026-01-24 09:20:00'),
(2215,2,6,3,'Ready for pickup after 16:00','2026-01-24 09:50:00'),
(2215,6,3,5,NULL,'2026-01-24 11:10:00'),
(2216,1,2,4,NULL,'2026-01-25 09:20:00'),
(2216,2,6,4,'Ready for pickup after 16:00','2026-01-25 09:50:00'),
(2216,6,3,6,NULL,'2026-01-25 11:10:00'),
(2217,1,5,3,'Client requested cancellation','2026-01-26 09:30:00'),
(2218,1,5,4,'Client requested cancellation','2026-01-27 09:30:00'),
(2219,1,5,3,'Client requested cancellation','2026-01-28 09:30:00'),
(2220,1,5,4,'Client requested cancellation','2026-01-29 09:30:00');
/*!40000 ALTER TABLE `order_status_history` ENABLE KEYS */;
UNLOCK TABLES;
/*!40103 SET TIME_ZONE=@OLD_TIME_ZONE */;

/*!40101 SET SQL_MODE=@OLD_SQL_MODE */;
/*!40014 SET FOREIGN_KEY_CHECKS=@OLD_FOREIGN_KEY_CHECKS */;
/*!40014 SET UNIQUE_CHECKS=@OLD_UNIQUE_CHECKS */;
/*!40101 SET CHARACTER_SET_CLIENT=@OLD_CHARACTER_SET_CLIENT */;
/*!40101 SET CHARACTER_SET_RESULTS=@OLD_CHARACTER_SET_RESULTS */;
/*!40101 SET COLLATION_CONNECTION=@OLD_COLLATION_CONNECTION */;
/*!40111 SET SQL_NOTES=@OLD_SQL_NOTES */;

